"id","name","area","status","address","tel"
"2Y01190021","鑽石牙體技術所","臺北市萬華區","開業","臺北市萬華區和平西路三段294號2樓","02-23083278"
"2Y03100098","呈宇牙體技術所","臺中市大雅區","開業","臺中市大雅區中山北路370巷20號4樓","0988181416"
"2Y07380038","美達牙體技術所","高雄市小港區","開業","高雄市小港區漢民路158巷1弄7號1樓","8031673"
"2Y03090079","鼎級牙體技術所","臺中市潭子區","開業","臺中市潭子區大新路23巷13號1樓","04-25346333"
"2Y03230055","禾安牙體技術所","臺中市東區","開業","臺中市東區自由路3段3號7樓","0937-283232"
"2Y07320023","宸暘齒研牙體技術所","高雄市三民區","開業","高雄市三民區大豐二路118巷1號3樓","07-3829001"
"2Y01170029","弘元牙體技術所","臺北市信義區","開業","臺北市信義區虎林街48之1號5樓","27687810"
"2Y31040016","尚巧牙體技術所","新北市中和區","開業","新北市中和區中山路二段３１７-１號２樓","0222426028"
"2Y01150107","嘉特牙體技術所","臺北市士林區","開業","臺北市士林區中正路120之3號2樓","02-28322306"
"2Y32010432","湯瑪仕牙體技術所","桃園市桃園區","開業","桃園市桃園區復興路49之1號9樓之1","0985490108"
"2Y07010040","弘揚牙體技術所","高雄市鳳山區","開業","高雄市鳳山區新樂街289號6樓","07-7662216"
"2Y38030027","韋華牙體技術所","南投縣草屯鎮","開業","南投縣草屯鎮仁愛街213巷24號1F","049-2301108"
"2Y05320034","燦鋒牙體技術所","臺南市東區","開業","臺南市東區裕永一街102號1樓","06-2752490"
"2Y07360018","宏宇牙體技術所","高雄市前鎮區","開業","高雄市前鎮區桂林街46巷8號3樓","07-2353236"
"2Y31060036","悠偉牙體技術所","新北市新莊區","開業","新北市新莊區銘德街114巷4號1樓","29976834"
"2Y12040014","長昇牙體技術所","新竹市北區","開業","新竹市北區金雅里武陵路245巷23號2樓","03-5348990"
"2Y01170029","弘元牙體技術所","臺北市信義區","開業","臺北市信義區虎林街48之1號5樓","27687810"
"2Y38010034","上洋牙體技術所","南投縣南投市","開業","南投縣南投市永興路一街15-11號","049-2257149"
"2Y07290039","柏威牙體技術所","高雄市鼓山區","開業","高雄市鼓山區明華路253號9樓","5526333"
"2Y07380029","得冠藝美瓷牙體技術所","高雄市小港區","開業","高雄市小港區厦莊三街133巷11號1樓","7918792"
"2Y05380012","華興牙體技術所","臺南市安平區","開業","臺南市安平區億載里光州二街111號1樓","06-2973562"
"2Y03130014","金和牙體技術所","臺中市外埔區","開業","臺中市外埔區東西巷81號1樓","04-25299852"
"2Y31130159","賀生牙體技術所","新北市土城區","開業","新北市土城區金城路三段149巷4弄11號1樓","(02)2264-7722"
"2Y37130019","晶皜牙體技術所","彰化縣花壇鄉","開業","彰化縣花壇鄉長沙村中正東街81巷9號","04-7871622"
"2Y31060125","傑登牙體技術所","新北市新莊區","開業","新北市新莊區中平路198巷3號2樓","89916877"
"2Y32010254","大眾牙體技術所","桃園市桃園區","開業","桃園市桃園區民光路90號1樓","03-3327533"
"2Y31060063","柏創牙體技術所","新北市新莊區","開業","新北市新莊區思源路50號2樓","22770058"
"2Y03150034","永昌牙體技術所","臺中市烏日區","開業","臺中市烏日區溪南路一段460巷376 弄 17號 1樓、2樓","04-23355732"
"2Y03270184","雅秀牙體技術所","臺中市西屯區","開業","臺中市西屯區工業區一路58巷11弄92號2樓","0918936311"
"2Y37010067","行家牙體技術所","彰化縣彰化市","開業","彰化縣彰化市自強南路435巷1號2樓","04-7519188"
"2Y31020121","北高牙體技術所","新北市三重區","開業","新北市三重區集美街126巷17號3樓","02-29746527"
"2Y32010101","禾康牙體技術所","桃園市桃園區","開業","桃園市桃園區同安街406號7樓","03-3586667"
"2Y32020054","永豐牙體技術所","桃園市中壢區","開業","桃園市中壢區龍昌路190巷81號1樓","(03)4362258"
"2Y37130019","晶皜牙體技術所","彰化縣花壇鄉","開業","彰化縣花壇鄉長沙村中正東街81巷9號","04-7871622"
"2Y31050058","尚豐牙體技術所","新北市新店區","開業","新北市新店區和成街15巷2號1樓","02 22145976"
"2Y22020097","迷你石牙體技術所","嘉義市西區","開業","嘉義市西區吳鳳南路345巷25號5樓之2","2259686"
"2Y22020104","六禾牙體技術所","嘉義市西區","開業","嘉義市西區國聖三街22號1樓國聖三街22號1樓","2810288"
"2Y31140075","鼎新牙體技術所","新北市蘆洲區","開業","新北市蘆洲區長安街194巷26弄6號1樓","(02)28479519"
"2Y05310109","大億牙體技術所","臺南市永康區","開業","臺南市永康區東灣里大灣一街242巷30號1樓","06-2729292"
"2Y07310045","上霖牙體技術所","高雄市楠梓區","開業","高雄市楠梓區五常里常順街28號","07-3539386"
"2Y03280028","祥鼎牙體技術所","臺中市南屯區","開業","臺中市南屯區永春東一路788巷16之2號1樓","04-23807686"
"2Y31010223","超然牙體技術所","新北市板橋區","開業","新北市板橋區文化路1段104巷1弄5-3號(4樓)","02-22590455"
"2Y12010052","非凡牙體技術所","新竹市東區","開業","新竹市東區復興里經國路一段315巷12弄7號1樓","03-5326697"
"2Y07350094","祥裕牙體技術所","高雄市苓雅區","開業","高雄市苓雅區河北路6巷24-1號","07-7167731"
"2Y01170092","和昇牙體技術所","臺北市信義區","開業","臺北市信義區吳興街269巷1弄26號","27228193"
"2Y32020116","啟鈺牙體技術所","桃園市中壢區","開業","桃園市中壢區新生路三段381號1樓","03-4937865"
"2Y03170018","俊德牙體技術所","臺中市龍井區","開業","臺中市龍井區新庄街二段120巷15號2樓","04-26522951"
"2Y32010165","廣益牙體技術所","桃園市桃園區","開業","桃園市桃園區龍泉一街91號2樓","03-3705536"
"2Y31060125","傑登牙體技術所","新北市新莊區","開業","新北市新莊區中平路198巷3號2樓","89916877"
"2Y32080078","江山牙體技術所","桃園市八德區","開業","桃園市八德區榮興路846巷1弄10號2樓","03-3650920"
"2Y32010147","保時潔牙體技術所","桃園市桃園區","開業","桃園市桃園區玉山街235巷26號1-2樓",""
"2Y33060016","成功牙體技術所","新竹縣湖口鄉","開業","新竹縣湖口鄉德興路72號1樓","03-5906032"
"2Y03060017","承宇牙體技術所","臺中市梧棲區","開業","臺中市梧棲區文華街72巷6弄6號1樓","04-26561509"
"2Y32020063","憶順牙體技術所","桃園市中壢區","開業","桃園市中壢區華愛一街39巷13號","4383178"
"2Y03090079","鼎級牙體技術所","臺中市潭子區","開業","臺中市潭子區大新路23巷13號1樓","04-25346333"
"2Y05310154","晟立牙體技術所","臺南市永康區","開業","臺南市永康區成功路57號1樓","06-3035741"
"2Y07060059","豐誠牙體技術所","高雄市大寮區","開業","高雄市大寮區琉球路94號1樓","07-7815205"
"2Y03090088","瀚霖牙體技術所","臺中市潭子區","開業","臺中市潭子區潭興路二段203號2樓","0920-687565"
"2Y32020090","駿騰牙體技術所","桃園市中壢區","開業","桃園市中壢區吉林路93巷22號4樓","4340406"
"2Y01160023","雅光牙體技術所","臺北市北投區","開業","臺北市北投區清江路77巷1號","28924436"
"2Y12040014","長昇牙體技術所","新竹市北區","開業","新竹市北區金雅里武陵路245巷23號2樓","03-5348990"
"2Y44040011","楊牙體技術所","澎湖縣西嶼鄉","開業","澎湖縣西嶼鄉合界村2號之3","06-9981396"
"2Y03270175","詰雅牙體技術所","臺中市西屯區","開業","臺中市西屯區河南東四街13號1樓","04-23164209"
"2Y31030181","冠橋牙體技術所","新北市永和區","開業","新北市永和區自由街70號8樓","02-29264957"
"2Y31010027","佑昇牙體技術所","新北市板橋區","開業","新北市板橋區新生街23巷1弄6號5櫻","02-2271-0686"
"2Y31020407","華盛牙體技術所","新北市三重區","開業","新北市三重區仁愛街435號4樓","(02)2980-8219"
"2Y03090088","瀚霖牙體技術所","臺中市潭子區","開業","臺中市潭子區潭興路二段203號2樓","0920-687565"
"2Y31060045","新錡牙體技術所","新北市新莊區","開業","新北市新莊區中原路102號5樓","85223030"
"2Y07310045","上霖牙體技術所","高雄市楠梓區","開業","高雄市楠梓區五常里常順街28號","07-3539386"
"2Y05310065","石松牙體技術所","臺南市永康區","開業","臺南市永康區復華里國華街174號1樓","06-2314950"
"2Y31030136","漢陞牙體技術所","新北市永和區","開業","新北市永和區秀朗路2段222號5樓","02-29261935"
"2Y03240159","奇嘉數位牙體技術所","臺中市西區","開業","臺中市西區精誠路14號7樓之8","04-23108111"
"2Y03260026","品冠牙體技術所","臺中市北區","開業","臺中市北區忠明三街5號1樓","04-22073041"
"2Y03190083","群禾牙體技術所","臺中市太平區","開業","臺中市太平區長安六街32號1樓","0912668833"
"2Y01120047","華興牙體技術所","臺北市南港區","開業","臺北市南港區同德路41號5樓","26537799"
"2Y38030027","韋華牙體技術所","南投縣草屯鎮","開業","南投縣草屯鎮仁愛街213巷24號1F","049-2301108"
"2Y31130051","詠慶牙體技術所","新北市土城區","開業","新北市土城區青山路5巷2號4樓","82623285"
"2Y07310081","良美牙體技術所","高雄市楠梓區","開業","高雄市楠梓區後昌新路37號1樓","07-3619362"
"2Y32020063","憶順牙體技術所","桃園市中壢區","開業","桃園市中壢區華愛一街39巷13號","4383178"
"2Y01100287","喬登牙體技術所","臺北市中山區","開業","臺北市中山區龍江路342巷40號","25175720"
"2Y03270157","富達牙體技術所","臺中市西屯區","開業","臺中市西屯區玉門路255號1樓","0424614020"
"2Y32020054","永豐牙體技術所","桃園市中壢區","開業","桃園市中壢區龍昌路190巷81號1樓","(03)4362258"
"2Y03080028","銘鎰牙體技術所","臺中市神岡區","開業","臺中市神岡區大漢街115巷12號4樓","04-25209789"
"2Y31030154","澄恩牙體技術所","新北市永和區","開業","新北市永和區保平路203巷9號1樓","02-86606855"
"2Y07320167","得魚齒研牙體技術所","高雄市三民區","開業","高雄市三民區鼎山街197巷5號5樓","07-3101234"
"2Y31060232","箐群牙體技術所","新北市新莊區","開業","新北市新莊區化成路764巷17號1樓","85212958"
"2Y32010147","保時潔牙體技術所","桃園市桃園區","開業","桃園市桃園區玉山街235巷26號1-2樓",""
"2Y31140075","鼎新牙體技術所","新北市蘆洲區","開業","新北市蘆洲區長安街194巷26弄6號1樓","(02)28479519"
"2Y31030172","合榆牙體技術所","新北市永和區","開業","新北市永和區保平路236巷7弄10號1樓","02-2929-0778"
"2Y31140253","全美牙體技術所","新北市蘆洲區","開業","新北市蘆洲區民族路298巷7號1樓","0916466076"
"2Y05320150","建昌牙體技術所","臺南市東區","開業","臺南市東區和平里自由路2段125巷28號1樓","06-3351929"
"2Y31010581","唯臻牙體技術所","新北市板橋區","開業","新北市板橋區中山路二段465巷10號2樓","02-29643181"
"2Y31020461","東傳牙體技術所","新北市三重區","開業","新北市三重區長樂街101號2樓","(02)2975-6329"
"2Y31050021","冠群牙體技術所","新北市新店區","開業","新北市新店區寶安街30號2樓","02-29183993"
"2Y31020032","平和牙體技術所","新北市三重區","開業","新北市三重區光復路1段83巷5號10樓","02-85112188"
"2Y40060026","冠群牙體技術所","嘉義縣新港鄉","開業","嘉義縣新港鄉宮前村中山路114巷21號","05-3746638"
"2Y01020113","明浩牙體技術所","臺北市大安區","開業","臺北市大安區臥龍街3號9樓","02-27384789"
"2Y31060330","蓁橙牙體技術所","新北市新莊區","開業","新北市新莊區天祥街71巷15號3樓","0989197804"
"2Y33060016","成功牙體技術所","新竹縣湖口鄉","開業","新竹縣湖口鄉德興路72號1樓","03-5906032"
"2Y03240104","永信牙體技術所","臺中市西區","開業","臺中市西區五權七街189號5樓","04-23723456"
"2Y03270139","元品牙體技術所","臺中市西屯區","開業","臺中市西屯區西屯路二段55巷10號1樓","04-23130152"
"2Y31050138","新春牙體技術所","新北市新店區","開業","新北市新店區玫瑰路66巷5號1樓","02 22155896"
"2Y31010081","冠億牙體技術所","新北市板橋區","開業","新北市板橋區英士路58巷24號1樓","02-22596513"
"2Y07010175","偉聖牙體技術所","高雄市鳳山區","開業","高雄市鳳山區頂新六街36號2樓","07-7961768"
"2Y32080121","舒潔牙體技術所","桃園市八德區","開業","桃園市八德區忠勇街377巷8號5樓","03-3672875"
"2Y31080029","宏達牙體技術所","新北市鶯歌區","開業","新北市鶯歌區中山路329巷6弄20號1樓","02-26775734"
"2Y31060161","可騰牙體技術所","新北市新莊區","開業","新北市新莊區福壽街169巷16弄4號1樓","89931260"
"2Y01150054","全德牙體技術所","臺北市士林區","開業","臺北市士林區中山北路六段423號4樓","02-28766178"
"2Y01110130","三和牙體技術所","臺北市內湖區","開業","臺北市內湖區康寧路三段189巷147號","26314283"
"2Y05320169","恩典牙體技術所","臺南市東區","開業","臺南市東區崇善里仁和路132號1樓","062891775"
"2Y38010034","上洋牙體技術所","南投縣南投市","開業","南投縣南投市永興路一街15-11號","049-2257149"
"2Y31020121","北高牙體技術所","新北市三重區","開業","新北市三重區集美街126巷17號3樓","02-29746527"
"2Y07290039","柏威牙體技術所","高雄市鼓山區","開業","高雄市鼓山區明華路253號9樓","5526333"
"2Y32020116","啟鈺牙體技術所","桃園市中壢區","開業","桃園市中壢區新生路三段381號1樓","03-4937865"
"2Y32020090","駿騰牙體技術所","桃園市中壢區","開業","桃園市中壢區吉林路93巷22號4樓","4340406"
"2Y33020049","海爾牙體技術所","新竹縣新埔鎮","開業","新竹縣新埔鎮信義二街29巷5號2樓","0912141403"
"2Y05310109","大億牙體技術所","臺南市永康區","開業","臺南市永康區東灣里大灣一街242巷30號1樓","06-2729292"
"2Y31130097","名玉牙體技術所","新北市土城區","開業","新北市土城區仁愛路17巷2號5樓","02-22648285"
"2Y07380029","得冠藝美瓷牙體技術所","高雄市小港區","開業","高雄市小港區厦莊三街133巷11號1樓","7918792"
"2Y32090010","心合牙體技術所","桃園市龍潭區","開業","桃園市龍潭區仁愛街39號1樓","0933961044"
"2Y03090168","全欣美牙體技術所","臺中市潭子區","開業","臺中市潭子區大通街93巷87弄12號1樓","0926-590966"
"2Y40030019","建勝牙體技術所","嘉義縣大林鎮","開業","嘉義縣大林鎮溝背里10鄰溝背165號","05-2954312"
"2Y22020113","世全牙體技術所","嘉義市西區","開業","嘉義市西區北港路268巷22號1樓","0932713199.2381368"
"2Y34010074","新銳牙體技術所","宜蘭縣宜蘭市","開業","宜蘭縣宜蘭市泰山路86巷5號","03-9302946"
"2Y31020470","朝陽牙體技術所","新北市三重區","開業","新北市三重區仁義街241巷4號1樓","(02)2985-7999"
"2Y22020097","迷你石牙體技術所","嘉義市西區","開業","嘉義市西區吳鳳南路345巷25號5樓之2","2259686"
"2Y22020104","六禾牙體技術所","嘉義市西區","開業","嘉義市西區國聖三街22號1樓國聖三街22號1樓","2810288"
"2Y03220040","遠企牙體技術所","臺中市中區","開業","臺中市中區民族路92號7樓之1","04-22211106"
"2Y11050016","長泰牙體技術所","基隆市中山區","開業","基隆市中山區西定路37之1號2樓","(02)24287358"
"2Y31040285","歐登牙體技術所","新北市中和區","開業","新北市中和區中山路2段351號5樓之13","0222261770"
"2Y03280028","祥鼎牙體技術所","臺中市南屯區","開業","臺中市南屯區永春東一路788巷16之2號1樓","04-23807686"
"2Y07350094","祥裕牙體技術所","高雄市苓雅區","開業","高雄市苓雅區河北路6巷24-1號","07-7167731"
"2Y31010410","維康牙體技術所","新北市板橋區","開業","新北市板橋區三民路2段正隆巷20號3樓","(02) 8961-1471"
"2Y37220054","台灣數位丹特牙體技術所","彰化縣埤頭鄉","開業","彰化縣埤頭鄉彰水路三段384號1、2樓","04-8921040轉21"
"2Y01170092","和昇牙體技術所","臺北市信義區","開業","臺北市信義區吳興街269巷1弄26號","27228193"
"2Y32040065","翰齡牙體技術所","桃園市楊梅區","開業","桃園市楊梅區益新一街128巷32號5F","0921087186"
"2Y03270255","信實牙體技術所","臺中市西屯區","開業","臺中市西屯區福瑞街75巷5號","0910-140736"
"2Y03290239","品晶牙體技術所","臺中市北屯區","開業","臺中市北屯區北屯路212巷9號2樓","0921-770049"
"2Y01160050","亞齊訢牙體技術所","臺北市北投區","開業","臺北市北投區大業路624號","0935002057"
"2Y31010607","品欣牙體技術所","新北市板橋區","開業","新北市板橋區民權路202巷21弄8號(1樓)","02-29670095"
"2Y03090131","宏洋牙體技術所","臺中市潭子區","開業","臺中市潭子區中山路一段3-9號1樓","0932-548921"
"2Y45040015","仁忠牙體技術所","花蓮縣新城鄉","開業","花蓮縣新城鄉康樂村廣安二街3號","038260157"
"2Y01190076","棋銓牙體技術所","臺北市萬華區","開業","臺北市萬華區南寧路56號","23024353"
"2Y07350165","逸品牙體技術所","高雄市苓雅區","開業","高雄市苓雅區廣州一街123-1號2樓","0928759035"
"2Y31060152","慶宜牙體技術所","新北市新莊區","開業","新北市新莊區四維路196號1樓","22043732"
"2Y39020016","賀生牙體技術所","雲林縣斗南鎮","開業","雲林縣斗南鎮東仁里忠孝路97號","05-5979599"
"2Y07350129","精采牙體技術所","高雄市苓雅區","開業","高雄市苓雅區廣東一街69巷10號1樓","07-7229040"
"2Y01090142","微笑牙體技術所","臺北市大同區","開業","臺北市大同區延平北路二段43巷15之1號","25560806"
"2Y40130014","日升牙體技術所","嘉義縣中埔鄉","開業","嘉義縣中埔鄉和興村平實街26號","05-2308022"
"2Y31050147","源本牙藝牙體技術所","新北市新店區","開業","新北市新店區三民路60巷8號1樓","02-22347775"
"2Y31170028","森齒研牙體技術所","新北市林口區","開業","新北市林口區中山路532號3樓之10","0985977539"
"2Y05370114","連安牙體技術所","臺南市安南區","開業","臺南市安南區城北里安中路六段578巷18號1樓","06-2575095"
"2Y31110102","禾京牙體技術所","新北市汐止區","開業","新北市汐止區中興路168號16樓之13","0978605198"
"2Y34020043","橙色牙體技術所","宜蘭縣羅東鎮","開業","宜蘭縣羅東鎮博愛路94巷23號","03-9560105"
"2Y01120038","偉展牙體技術所","臺北市南港區","開業","臺北市南港區成福路178巷18號","27850928"
"2Y31010063","正豐牙體技術所","新北市板橋區","開業","新北市板橋區忠孝路148號1樓","02-2951-4408"
"2Y31010045","佶慶牙體技術所","新北市板橋區","開業","新北市板橋區三民路一段175號3樓","02-2956-1633"
"2Y01100081","鼎將牙體技術所","臺北市中山區","開業","臺北市中山區吉林路254之2號3樓","25182562"
"2Y03290382","寬和牙體技術所","臺中市北屯區","開業","臺中市北屯區中清路二段479巷16號1、2樓","0927-887317"
"2Y03200208","謙皓牙體技術所","臺中市大里區","開業","臺中市大里區益民路二段433巷25弄19號1樓","0987-662025"
"2Y01150018","華鴻牙體技術所","臺北市士林區","開業","臺北市士林區前港街68巷1號5樓","28831898"
"2Y07010166","巧匠牙體技術所","高雄市鳳山區","開業","高雄市鳳山區北辰街15巷26號","0932723382"
"2Y39020025","永越牙體技術所","雲林縣斗南鎮","開業","雲林縣斗南鎮西歧里長安路一段84號","05-5971597"
"2Y32010389","良鑫牙體技術所","桃園市桃園區","開業","桃園市桃園區建國路123巷8號1樓","03-3663104"
"2Y07350030","福吉牙體技術所","高雄市苓雅區","開業","高雄市苓雅區光華一路232號4樓","07-2224502"
"2Y31020185","方圓牙體技術所","新北市三重區","開業","新北市三重區中正北路145巷7弄19號1樓","02-8982-5895"
"2Y11030014","明昌牙體技術所","基隆市暖暖區","開業","基隆市暖暖區源遠路279號 (2F)","0937527932"
"2Y07300085","透舒麗牙體技術所","高雄市左營區","開業","高雄市左營區站前路77號1~2樓","5883819"
"2Y31020532","日盛牙體技術所","新北市三重區","開業","新北市三重區仁愛街255巷8號1樓","02-22927688"
"2Y03230082","信康牙體技術所","臺中市東區","開業","臺中市東區自由路四段425號1樓","0936-611159"
"2Y31010090","耀升牙體技術所","新北市板橋區","開業","新北市板橋區自強新村91號1樓","02-29693396"
"2Y03290257","秋蔚牙體技術所","臺中市北屯區","開業","臺中市北屯區東山路一段50-9號","04-24361195"
"2Y03240140","昱辰牙體技術所","臺中市西區","開業","臺中市西區朝陽街30-3號1樓","04-23723285"
"2Y31010394","旭銳牙體技術所","新北市板橋區","開業","新北市板橋區莊敬路215號2樓","22559225"
"2Y32030014","禾廷牙體技術所","桃園市大溪區","開業","桃園市大溪區三元二街121巷96號4樓","03-3909963"
"2Y03290266","藝典牙體技術所","臺中市北屯區","開業","臺中市北屯區環中東路二段99之5號1樓","04-24391584"
"2Y32010218","京巧牙體技術所","桃園市桃園區","開業","桃園市桃園區信義街24號1樓","03-3345321"
"2Y31020158","雲起牙體技術所","新北市三重區","開業","新北市三重區六張街126巷2弄25號1樓","02-29818689"
"2Y03230108","輝鋐牙體技術所","臺中市東區","開業","臺中市東區樂業路299號1樓","04-22120035"
"2Y31020363","宏富牙體技術所","新北市三重區","開業","新北市三重區三和路三段167巷1號4樓","(02)2986-0889"
"2Y03230126","和昌牙體技術所","臺中市東區","開業","臺中市東區旱溪三街40號1樓","04-24376828"
"2Y05320043","鼎田牙體技術所","臺南市東區","開業","臺南市東區裕信路308-25號2樓","06-2675698"
"2Y40130032","世新牙體技術所","嘉義縣中埔鄉","開業","嘉義縣中埔鄉中華路914巷12號","05-2391464"
"2Y37220018","家宏牙體技術所","彰化縣埤頭鄉","開業","彰化縣埤頭鄉崙子村崙子南路134號1樓","04-8922857"
"2Y31030010","惠洋牙體技術所","新北市永和區","開業","新北市永和區永和路一段67號16樓","02-29282725"
"2Y32010352","明元牙體技術所","桃園市桃園區","開業","桃園市桃園區桃鶯路275巷4弄12之1號2樓","033778462"
"2Y31020292","欣華牙體技術所","新北市三重區","開業","新北市三重區大同北路44巷44號1樓","02-2980-1919"
"2Y12010098","微風牙體技術所","新竹市東區","開業","新竹市東區下竹里南大路218巷16弄37號2樓","0910398036"
"2Y03290186","競業牙體技術所","臺中市北屯區","開業","臺中市北屯區昌平路二段5-18號8樓","0933-404128"
"2Y03290293","瑞新牙體技術所","臺中市北屯區","開業","臺中市北屯區綏遠路二段16號4樓","0958768055"
"2Y07320345","當興牙體技術所","高雄市三民區","開業","高雄市三民區大豐一路214號1樓","0938290450"
"2Y07320265","好家牙體技術所","高雄市三民區","開業","高雄市三民區昌裕街71巷15弄13號1樓","07-3976963"
"2Y01020195","牙谷牙體技術所","臺北市大安區","開業","臺北市大安區通化街170巷4號1樓","02-2736-8119"
"2Y39070016","新生牙體技術所","雲林縣古坑鄉","開業","雲林縣古坑鄉東和村永和路3號之1","5263012"
"2Y01100303","迪歐數位牙體技術所","臺北市中山區","開業","臺北市中山區松江路42號11樓之12","02-87523319.02-27811010"
"2Y03240122","吉品牙體技術所","臺中市西區","開業","臺中市西區五權路1之67號18樓之1","04-23768383"
"2Y32070027","建成牙體技術所","桃園市龜山區","開業","桃園市龜山區中和南路31號1樓","03-3297874"
"2Y22020159","晴天牙體技術所","嘉義市西區","開業","嘉義市西區下埤路53巷146號","0928-336560"
"2Y03100043","威信牙體技術所","臺中市大雅區","開業","臺中市大雅區雅環路一段268巷20號1樓","04-25683539"
"2Y03240024","全球牙體技術所","臺中市西區","開業","臺中市西區中美街393巷5號1樓","04-23195682"
"2Y03230117","至將牙體技術所","臺中市東區","開業","臺中市東區東英十街60號1樓","04-22121774"
"2Y34010047","德藝牙體技術所","宜蘭縣宜蘭市","開業","宜蘭縣宜蘭市中山路二段179巷30號1樓","03-9366555"
"2Y31060170","永新牙體技術所","新北市新莊區","開業","新北市新莊區福壽街109號5樓","29941415"
"2Y32010058","極品軒牙體技術所","桃園市桃園區","開業","桃園市桃園區德豐街20號1樓","03-3749727"
"2Y01190067","奇技牙體技術所","臺北市萬華區","開業","臺北市萬華區東園街28巷27號3樓","23039572"
"2Y31020309","佑辰牙體技術所","新北市三重區","開業","新北市三重區文化南路10巷25號4樓","(02)2974-0562"
"2Y31110086","哲辰牙體技術所","新北市汐止區","開業","新北市汐止區保一街35巷12號1樓","0912505233"
"2Y37050016","創藝牙體技術所","彰化縣員林市","開業","彰化縣員林市三條里條和街63號2樓","04-8382649"
"2Y03090033","明皓牙體技術所","臺中市潭子區","開業","臺中市潭子區大通街116號1樓","04-25346359"
"2Y03260160","宇禾牙體技術所","臺中市北區","開業","臺中市北區進化北路367號3樓之15","0937-734990"
"2Y43010019","玉真牙體技術所","屏東縣屏東市","開業","屏東縣屏東市北勢里公德一街19號","08-7379079"
"2Y01100018","華藝牙技牙體技術所","臺北市中山區","開業","臺北市中山區松江路366之3號(4樓)及366之4號(5樓)","25214688"
"2Y03270102","茂順牙體技術所","臺中市西屯區","開業","臺中市西屯區安林路69-10號3樓","0912-072783"
"2Y01100161","仁仁牙體技術所","臺北市中山區","開業","臺北市中山區復興北路272號3樓","25073929"
"2Y37150039","長興牙體技術所","彰化縣大村鄉","開業","彰化縣大村鄉黃厝村山腳路7之49號2樓","04-8520700"
"2Y33080027","品辰牙體技術所","新竹縣新豐鄉","開業","新竹縣新豐鄉新豐村池府路23號","03-5688220"
"2Y03260099","文昶牙體技術所","臺中市北區","開業","臺中市北區北平三街16之5號","0931-554090"
"2Y03260080","昌達牙體技術所","臺中市北區","開業","臺中市北區崇德路一段127號2樓","04-22443430"
"2Y31060303","登鴻牙體技術所","新北市新莊區","開業","新北市新莊區民安西路88巷5弄104號6樓","22081155"
"2Y03030019","精燁牙體技術所","臺中市大甲區","開業","臺中市大甲區慈德路157號1樓","04-26819688"
"2Y01150036","毅澤牙體技術所","臺北市士林區","開業","臺北市士林區大南路308號3樓","28822131"
"2Y01010108","華新牙體技術所","臺北市松山區","開業","臺北市松山區南京東路五段66巷2弄5號3樓","5557-2913"
"2Y03290211","吉欣牙體技術所","臺中市北屯區","開業","臺中市北屯區遼陽北二街16號1樓","04-22447223"
"2Y03290195","宏泰牙體技術所","臺中市北屯區","開業","臺中市北屯區大富路50巷11號1樓","04-24211234"
"2Y03240015","傑笠牙體技術所","臺中市西區","開業","臺中市西區公正里向上北路189巷5號","04-23012617"
"2Y03190118","誠億牙體技術所","臺中市太平區","開業","臺中市太平區中山路四段212巷7弄11號1樓","0930-776299"
"2Y32040029","承峰牙體技術所","桃園市楊梅區","開業","桃園市楊梅區中山北路一段50巷20號1樓","03-4882959"
"2Y03290079","進泰牙體技術所","臺中市北屯區","開業","臺中市北屯區僑孝街160巷20號1樓","04-22449727"
"2Y03240079","昕藝牙體技術所","臺中市西區","開業","臺中市西區華美西街一段161號1樓","04-23131773"
"2Y03290408","名流牙體技術所","臺中市北屯區","開業","臺中市北屯區松山街157號1樓","04-24226051"
"2Y01190076","棋銓牙體技術所","臺北市萬華區","開業","臺北市萬華區南寧路56號","23024353"
"2Y31020416","尖兵牙體技術所","新北市三重區","開業","新北市三重區分子尾街79巷5號5樓","(02)2988-6222"
"2Y11070018","牙友牙體技術所","基隆市信義區","開業","基隆市信義區仁一路63號2樓","02-24244607"
"2Y33080027","品辰牙體技術所","新竹縣新豐鄉","開業","新竹縣新豐鄉新豐村池府路23號","03-5688220"
"2Y31010429","辰新牙體技術所","新北市板橋區","開業","新北市板橋區廣和街116號5樓","(02) 2956-1838"
"2Y31010394","旭銳牙體技術所","新北市板橋區","開業","新北市板橋區莊敬路215號2樓","22559225"
"2Y03230126","和昌牙體技術所","臺中市東區","開業","臺中市東區旱溪三街40號1樓","04-24376828"
"2Y01200086","年展牙體技術所","臺北市文山區","開業","臺北市文山區羅斯福路六段182號(實際營業地址：2樓)","02-89321392"
"2Y32010352","明元牙體技術所","桃園市桃園區","開業","桃園市桃園區桃鶯路275巷4弄12之1號2樓","033778462"
"2Y32010370","優耐特牙體技術所","桃園市桃園區","開業","桃園市桃園區中山路1000號3樓之2","0911500389"
"2Y01110112","德合牙體技術所","臺北市內湖區","開業","臺北市內湖區南京東路6段322號","27926849"
"2Y22020060","大立牙體技術所","嘉義市西區","開業","嘉義市西區德安路132號","2335696"
"2Y32100075","兆盈牙體技術所","桃園市平鎮區","開業","桃園市平鎮區關爺西路38巷20弄5號1樓","02-25182562"
"2Y03290373","威肯牙體技術所","臺中市北屯區","開業","臺中市北屯區松竹路一段803號1樓","0980-568760"
"2Y01010091","元榮牙體技術所","臺北市松山區","開業","臺北市松山區寶清街10之5號","27629950"
"2Y01200086","年展牙體技術所","臺北市文山區","開業","臺北市文山區羅斯福路六段182號(實際營業地址：2樓)","02-89321392"
"2Y01180070","無模牙體技術所","臺北市中正區","開業","臺北市中正區延平南路70號8樓之3","26272130"
"2Y31030225","天驥牙體技術所","新北市永和區","開業","新北市永和區中山路一段328巷2號4樓","0222318182"
"2Y03290337","千紘牙體技術所","臺中市北屯區","開業","臺中市北屯區東山路一段140巷75號1樓、2樓","04-22362198"
"2Y32010236","惠民牙體技術所","桃園市桃園區","開業","桃園市桃園區上海路42號1樓","03-3692449"
"2Y32010389","良鑫牙體技術所","桃園市桃園區","開業","桃園市桃園區建國路123巷8號1樓","03-3663104"
"2Y03290373","威肯牙體技術所","臺中市北屯區","開業","臺中市北屯區松竹路一段803號1樓","0980-568760"
"2Y31170028","森齒研牙體技術所","新北市林口區","開業","新北市林口區中山路532號3樓之10","0985977539"
"2Y31030225","天驥牙體技術所","新北市永和區","開業","新北市永和區中山路一段328巷2號4樓","0222318182"
"2Y07300085","透舒麗牙體技術所","高雄市左營區","開業","高雄市左營區站前路77號1~2樓","5883819"
"2Y03190118","誠億牙體技術所","臺中市太平區","開業","臺中市太平區中山路四段212巷7弄11號1樓","0930-776299"
"2Y03290382","寬和牙體技術所","臺中市北屯區","開業","臺中市北屯區中清路二段479巷16號1、2樓","0927-887317"
"2Y07010166","巧匠牙體技術所","高雄市鳳山區","開業","高雄市鳳山區北辰街15巷26號","0932723382"
"2Y03260160","宇禾牙體技術所","臺中市北區","開業","臺中市北區進化北路367號3樓之15","0937-734990"
"2Y07320345","當興牙體技術所","高雄市三民區","開業","高雄市三民區大豐一路214號1樓","0938290450"
"2Y45050039","大興牙體技術所","花蓮縣吉安鄉","開業","花蓮縣吉安鄉福興村福興路180號","0952617711"
"2Y31020416","尖兵牙體技術所","新北市三重區","開業","新北市三重區分子尾街79巷5號5樓","(02)2988-6222"
"2Y31040230","巧匠牙體技術所","新北市中和區","開業","新北市中和區中安街40巷10號11樓","0229222470"
"2Y31010429","辰新牙體技術所","新北市板橋區","開業","新北市板橋區廣和街116號5樓","(02) 2956-1838"
"2Y07290048","三二牙體技術所","高雄市鼓山區","開業","高雄市鼓山區明誠三路675號9樓","07-5869641"
"2Y03260142","曄瑞牙體技術所","臺中市北區","開業","臺中市北區山西路二段112號2樓","0920-706756"
"2Y03270273","立威牙體技術所","臺中市西屯區","開業","臺中市西屯區重慶路99號5樓之3","04-23128928 / 0910-568195"
"2Y40120018","大華牙體技術所","嘉義縣水上鄉","開業","嘉義縣水上鄉龍德村十一指厝75之9號","05-2680383"
"2Y40060044","竑騰牙體技術所","嘉義縣新港鄉","開業","嘉義縣新港鄉福德村9鄰嘉北路272號","05-3748177"
"2Y07010068","加裕牙體技術所","高雄市鳳山區","開業","高雄市鳳山區文聖街142之4號","07-7416691"
"2Y07350067","永欣牙體技術所","高雄市苓雅區","開業","高雄市苓雅區武廟路266號2樓","07-2235170"
"2Y03100089","巧沅牙體技術所","臺中市大雅區","開業","臺中市大雅區建興路38巷17號1樓","0425608957"
"2Y11010021","衛創牙體技術所","基隆市中正區","開業","基隆市中正區中正路102號8樓之1","02-24262162"
"2Y31010330","良威牙體技術所","新北市板橋區","開業","新北市板橋區幸福路37號1樓","(02) 2257-2899"
"2Y45010053","全鴻牙體技術所","花蓮縣花蓮市","開業","花蓮縣花蓮市建國路95巷7號","03-8310828"
"2Y31040061","技佳牙體技術所","新北市中和區","開業","新北市中和區橋和路９０號５樓","0222448999"
"2Y05370025","明新牙體技術所","臺南市安南區","開業","臺南市安南區鳳凰里怡安路二段535巷5弄11號1樓","06-2474280"
"2Y31010287","銘宏牙體技術所","新北市板橋區","開業","新北市板橋區和平路6巷2弄5號4樓","02-2955-9603"
"2Y05370169","川鼎牙體技術所","臺南市安南區","開業","臺南市安南區塭南里長和路二段12巷340號1樓","0936931013"
"2Y31020194","神安牙體技術所","新北市三重區","開業","新北市三重區成功路104巷28號1樓","89852119"
"2Y01010019","吉祥牙體技術所","臺北市松山區","開業","臺北市松山區民權東路三段191巷70號4樓","25456727"
"2Y01090017","村松牙體技術所","臺北市大同區","開業","臺北市大同區重慶北路二段207號2樓之1","25571792"
"2Y31030065","大展牙體技術所","新北市永和區","開業","新北市永和區安樂路332巷6號1樓","02-29263232"
"2Y07010157","永鑫牙體技術所","高雄市鳳山區","開業","高雄市鳳山區大明路114巷12號1樓","7659177"
"2Y22020140","昇揚牙體技術所","嘉義市西區","開業","嘉義市西區世賢路四段430號","05-2842221"
"2Y37050025","建成牙體技術所","彰化縣員林市","開業","彰化縣員林市大明里大饒路845巷6弄1號1樓","04-8333055"
"2Y37120022","凱隆牙體技術所","彰化縣秀水鄉","開業","彰化縣秀水鄉福安村中山路531號1樓","0911-793857"
"2Y35060014","長泰牙體技術所","苗栗縣後龍鎮","開業","苗栗縣後龍鎮溪洲里3鄰31之2號1樓",""
"2Y31010474","仁皓仁耀牙體技術所","新北市板橋區","開業","新北市板橋區金門街49之1號2樓","(02) 2960-1185、0982-910915"
"2Y07320130","創世元牙體技術所","高雄市三民區","開業","高雄市三民區民信路60號1樓","07-3965557"
"2Y07080033","魁藝牙體技術所","高雄市仁武區","開業","高雄市仁武區後港巷55號1樓","07-3748855"
"2Y33020021","聖橋牙體技術所","新竹縣新埔鎮","開業","新竹縣新埔鎮泰陽二街5號2樓","03-5888075"
"2Y07320121","山水牙體技術所","高雄市三民區","開業","高雄市三民區鼎華路163號5樓之5","07-3952003"
"2Y31140244","龍藝牙體技術所","新北市蘆洲區","開業","新北市蘆洲區集賢路222-6號6樓","0982692143"
"2Y05050046","順益牙體技術所","臺南市佳里區","開業","臺南市佳里區建南里成功路213巷12號1樓","06-7222669"
"2Y34090027","鴻文牙體技術所","宜蘭縣五結鄉","開業","宜蘭縣五結鄉五結村國民南路6之2號","03-9503844"
"2Y01090062","上和牙體技術所","臺北市大同區","開業","臺北市大同區昌吉街61巷11號","25997784"
"2Y01160096","盛霖牙體技術所","臺北市北投區","開業","臺北市北投區中央南路2段107號5樓","02-28988155"
"2Y37170022","昱佑牙體技術所","彰化縣埔心鄉","開業","彰化縣埔心鄉瓦中村員林大道七段71號1樓","0983-311-665"
"2Y03280117","明興牙體技術所","臺中市南屯區","開業","臺中市南屯區南和1街23巷19號1樓","0921-735206"
"2Y05310092","光皓牙體技術所","臺南市永康區","開業","臺南市永康區崑山街96巷27號","06-2725756"
"2Y05370098","和藝牙體技術所","臺南市安南區","開業","臺南市安南區安中路四段320巷95弄72號2樓","06-2450707"
"2Y05370089","捷新牙體技術所","臺南市安南區","開業","臺南市安南區海中街774巷50號1樓","0932895811"
"2Y05350041","龍興牙體技術所","臺南市北區","開業","臺南市北區長榮里長勝北街43號1樓","06-2789024"
"2Y31020194","神安牙體技術所","新北市三重區","開業","新北市三重區成功路104巷28號1樓","89852119"
"2Y01150027","博學牙體技術所","臺北市士林區","開業","臺北市士林區福港街41號3樓","28883680"
"2Y31020176","瀚誠牙體技術所","新北市三重區","開業","新北市三重區洛陽街45巷1號1樓","29856025"
"2Y32010138","群益牙體技術所","桃園市桃園區","開業","桃園市桃園區富國路216巷85弄32號1樓","03-3025011"
"2Y05310145","國峰牙體技術所","臺南市永康區","開業","臺南市永康區復華里復華二街21號1、2樓","06-3117128"
"2Y37050025","建成牙體技術所","彰化縣員林市","開業","彰化縣員林市大明里大饒路845巷6弄1號1樓","04-8333055"
"2Y03040015","鈎肩搭臂牙體技術所","臺中市清水區","開業","臺中市清水區臨港路五段92號4樓","04-26562729"
"2Y31140084","豫品牙體技術所","新北市蘆洲區","開業","新北市蘆洲區永安南路2段30巷6號1樓","02-22815761"
"2Y05350096","東邑牙體技術所","臺南市北區","開業","臺南市北區文元里海安路三段781巷200號2樓","06-2598909"
"2Y01160014","新生牙體技術所","臺北市北投區","開業","臺北市北投區尊賢街218巷23弄10號5樓","0932256809"
"2Y34090027","鴻文牙體技術所","宜蘭縣五結鄉","開業","宜蘭縣五結鄉五結村國民南路6之2號","03-9503844"
"2Y03090042","美輪牙體技術所","臺中市潭子區","開業","臺中市潭子區大豐路二段106號1樓","04-25312089"
"2Y03290097","玉清牙體技術所","臺中市北屯區","開業","臺中市北屯區遼陽五街62號1樓","04-22460443"
"2Y07010095","健齊牙體技術所","高雄市鳳山區","開業","高雄市鳳山區過智街23號1F","07-7962675"
"2Y05320098","晶緻牙體技術所","臺南市東區","開業","臺南市東區和平里自由路二段53號2樓","06-2608779"
"2Y12040078","精品牙體技術所","新竹市北區","開業","新竹市北區民富里西大路688巷1號","03-5318877"
"2Y31060143","捷登牙體技術所","新北市新莊區","開業","新北市新莊區中正路887-24號1樓","29041482"
"2Y03200093","零壹牙體技術所","臺中市大里區","開業","臺中市大里區立中五街25號1樓","0931-570477"
"2Y12050010","美學苑牙體技術所","新竹市香山區","開業","新竹市香山區牛埔里中華路四段270巷25弄23號4樓","03-5398919"
"2Y35040021","偉成牙體技術所","苗栗縣竹南鎮","開業","苗栗縣竹南鎮光復路512號2樓","037-631176"
"2Y45050020","吸引力牙體技術所","花蓮縣吉安鄉","開業","花蓮縣吉安鄉宜昌村南山五街101號","038538378"
"2Y12010070","喬恩牙體技術所","新竹市東區","開業","新竹市東區仙水里光復路一段531巷72之2號1樓","03-5955080"
"2Y32100093","巨昌牙體技術所","桃園市平鎮區","開業","桃園市平鎮區德育路2段366號1樓","03-4581688"
"2Y32080112","大明牙體技術所","桃園市八德區","開業","桃園市八德區仁和街211巷9弄5號1樓","03-2188391"
"2Y40040015","興融牙體技術所","嘉義縣民雄鄉","開業","嘉義縣民雄鄉山中村1鄰牛斗山16號","05-2209195"
"2Y03200119","家駿牙體技術所","臺中市大里區","開業","臺中市大里區西榮路36巷6號1樓","04-24872721"
"2Y12040078","精品牙體技術所","新竹市北區","開業","新竹市北區民富里西大路688巷1號","03-5318877"
"2Y03200093","零壹牙體技術所","臺中市大里區","開業","臺中市大里區立中五街25號1樓","0931-570477"
"2Y31160022","永勝牙體技術所","新北市泰山區","開業","新北市泰山區泰林路2段116巷4弄2號1樓","02-22093928"
"2Y31020041","龍記牙體技術所","新北市三重區","開業","新北市三重區貴陽街59之3號(4樓)","2981-0358"
"2Y37160044","富冠牙體技術所","彰化縣埔鹽鄉","開業","彰化縣埔鹽鄉永平村員鹿路三段248-15號1樓","04-8651376"
"2Y07320078","典增牙體技術所","高雄市三民區","開業","高雄市三民區大德街148號1-3樓","07-3966388"
"2Y03290300","福德牙體技術所","臺中市北屯區","開業","臺中市北屯區天津路三段67號4樓","04-22323777"
"2Y01150027","博學牙體技術所","臺北市士林區","開業","臺北市士林區福港街41號3樓","28883680"
"2Y32010085","文旺牙體技術所","桃園市桃園區","開業","桃園市桃園區同安街98號1樓","03-3258030"
"2Y38030036","杏昌牙體技術所","南投縣草屯鎮","開業","南投縣草屯鎮碧峰里碧峰路135巷92弄11號1樓","049-2301467"
"2Y31050110","德霖牙體技術所","新北市新店區","開業","新北市新店區民權路125號7樓","02-86615369"
"2Y03280082","銘宏牙體技術所","臺中市南屯區","開業","臺中市南屯區大墩二街8-1號1樓","04-24731666"
"2Y07010120","佑晟牙體技術所","高雄市鳳山區","開業","高雄市鳳山區埤頂街190巷10號4樓","07-7032835"
"2Y03260106","穎川堂牙體技術所","臺中市北區","開業","臺中市北區大德街151巷17號1樓","04-22034838"
"2Y35060014","長泰牙體技術所","苗栗縣後龍鎮","開業","苗栗縣後龍鎮溪洲里3鄰31之2號1樓",""
"2Y31040249","優藝牙體技術所","新北市中和區","開業","新北市中和區保健路10巷3弄1號2樓","0229439990"
"2Y11050025","宏承牙體技術所","基隆市中山區","開業","基隆市中山區中和路85巷5弄11號(4F)","(02)24370215"
"2Y31010367","加曜牙體技術所","新北市板橋區","開業","新北市板橋區漢生東路313巷5號(1樓)","02-2951-5646"
"2Y03280091","偉達牙體技術所","臺中市南屯區","開業","臺中市南屯區精誠路750號1樓","04-24732720"
"2Y03290300","福德牙體技術所","臺中市北屯區","開業","臺中市北屯區天津路三段67號4樓","04-22323777"
"2Y45010053","全鴻牙體技術所","花蓮縣花蓮市","開業","花蓮縣花蓮市建國路95巷7號","03-8310828"
"2Y03020040","得基牙體技術所","臺中市東勢區","開業","臺中市東勢區新豐街132號1樓","04-25772355"
"2Y32100155","海鐸牙體技術所","桃園市平鎮區","開業","桃園市平鎮區榮興街59號1樓","03-2813900"
"2Y32020161","宗亦牙體技術所","桃園市中壢區","開業","桃園市中壢區仁德五街18號2樓","4382767"
"2Y31020390","技匠牙體技術所","新北市三重區","開業","新北市三重區雙園街118號1樓","(02)2984-8180"
"2Y31060250","柏創數位牙體技術所","新北市新莊區","開業","新北市新莊區思源路50號1樓","22776271"
"2Y03040024","濟心牙體技術所","臺中市清水區","開業","臺中市清水區南社路179號1樓","04-26220279"
"2Y37120022","凱隆牙體技術所","彰化縣秀水鄉","開業","彰化縣秀水鄉福安村中山路531號1樓","0911-793857"
"2Y03100089","巧沅牙體技術所","臺中市大雅區","開業","臺中市大雅區建興路38巷17號1樓","0425608957"
"2Y31060241","御信牙體技術所","新北市新莊區","開業","新北市新莊區瓊林路瓊英巷6弄12號1樓","22060900"
"2Y07080033","魁藝牙體技術所","高雄市仁武區","開業","高雄市仁武區後港巷55號1樓","07-3748855"
"2Y31010447","崧皓牙體技術所","新北市板橋區","開業","新北市板橋區重慶路305號7樓","(02) 29576731"
"2Y37170022","昱佑牙體技術所","彰化縣埔心鄉","開業","彰化縣埔心鄉瓦中村員林大道七段71號1樓","0983-311-665"
"2Y07010157","永鑫牙體技術所","高雄市鳳山區","開業","高雄市鳳山區大明路114巷12號1樓","7659177"
"2Y31010474","仁皓仁耀牙體技術所","新北市板橋區","開業","新北市板橋區金門街49之1號2樓","(02) 2960-1185、0982-910915"
"2Y31010509","真美牙體技術所","新北市板橋區","開業","新北市板橋區三民路二段245巷2弄18之1號1樓","0930576808"
"2Y31140244","龍藝牙體技術所","新北市蘆洲區","開業","新北市蘆洲區集賢路222-6號6樓","0982692143"
"2Y03280117","明興牙體技術所","臺中市南屯區","開業","臺中市南屯區南和1街23巷19號1樓","0921-735206"
"2Y31140271","藝鼎牙體技術所","新北市蘆洲區","開業","新北市蘆洲區信義路226號1樓","(02)82860308"
"2Y01090151","優仕牙體技術所","臺北市大同區","開業","臺北市大同區重慶北路二段67號7樓之7","25927933"
"2Y05370169","川鼎牙體技術所","臺南市安南區","開業","臺南市安南區塭南里長和路二段12巷340號1樓","0936931013"
"2Y22020140","昇揚牙體技術所","嘉義市西區","開業","嘉義市西區世賢路四段430號","05-2842221"
"2Y31050192","宏康牙體技術所","新北市新店區","開業","新北市新店區中正路137號5樓","02 29179819"
"2Y03200217","啟和牙體技術所","臺中市大里區","開業","臺中市大里區大元路102號1樓","04-24834657"
"2Y37160044","富冠牙體技術所","彰化縣埔鹽鄉","開業","彰化縣埔鹽鄉永平村員鹿路三段248-15號1樓","04-8651376"
"2Y05370187","健生牙體技術所","臺南市安南區","開業","臺南市安南區溪心里溪心街65巷2弄18號1、2樓","0927632119"
"2Y33020021","聖橋牙體技術所","新竹縣新埔鎮","開業","新竹縣新埔鎮泰陽二街5號2樓","03-5888075"
"2Y07360125","亞晉數位牙體技術所","高雄市前鎮區","開業","高雄市前鎮區民權二路380號9樓之1","5351223"
"2Y32100226","齒度牙體技術所","桃園市平鎮區","開業","桃園市平鎮區金陵路4段26巷73號1樓","(03)4606749"
"2Y07070019","佳新牙體技術所","高雄市大樹區","開業","高雄市大樹區實踐街54-1號","07-6510325"
"2Y03190145","捷固牙體技術所","臺中市太平區","開業","臺中市太平區大源十八街21號1樓","0985894121"
"2Y32020214","悅目牙體技術所","桃園市中壢區","開業","桃園市中壢區元化路125巷28號2樓","0905282552"
"2Y01160096","盛霖牙體技術所","臺北市北投區","開業","臺北市北投區中央南路2段107號5樓","02-28988155"
"2Y32020223","栩栩牙體技術所","桃園市中壢區","開業","桃園市中壢區中北路2段32號2樓","0936652207"
"2Y31010018","民以食牙體技術所","新北市板橋區","開業","新北市板橋區公館街270號1樓","02-2968-1700"
"2Y31020014","紅石牙體技術所","新北市三重區","開業","新北市三重區重陽路二段30號2樓","(02)29714551"
"2Y31010036","美加牙體技術所","新北市板橋區","開業","新北市板橋區三民路2段181巷17號(1F)","02-2956-6092"
"2Y37010012","維智牙體技術所","彰化縣彰化市","開業","彰化縣彰化市福山街212巷8弄10號","04-7385312"
"2Y03200048","立吉牙體技術所","臺中市大里區","開業","臺中市大里區爽文路1105號1樓","04-24078002"
"2Y01100036","鑫瓷齒研牙體技術所","臺北市中山區","開業","臺北市中山區林森北路627號3樓","25852516"
"2Y03290024","巧固牙體技術所","臺中市北屯區","開業","臺中市北屯區瀋陽路二段14號1樓","0931484876"
"2Y37010021","上騰牙體技術所","彰化縣彰化市","開業","彰化縣彰化市向陽里崙美路153號","04-7519393"
"2Y31160013","璟儀牙體技術所","新北市泰山區","開業","新北市泰山區泰林路2段579巷3號1樓","02-85313703"
"2Y05310047","藝美牙體技術所","臺南市永康區","開業","臺南市永康區永康里中山北路79巷36號1樓","06-2329464"
"2Y07010059","義興牙體技術所","高雄市鳳山區","開業","高雄市鳳山區文明街9號1樓","7482697"
"2Y01100054","連宏牙體技術所","臺北市中山區","開業","臺北市中山區龍江路292巷12號","2508-1480"
"2Y31030056","久源牙體技術所","新北市永和區","開業","新北市永和區中山路1段339號2樓","02-86608367"
"2Y31140057","泰安牙體技術所","新北市蘆洲區","開業","新北市蘆洲區長安街68巷8弄3號1樓","02-28471337"
"2Y01190012","永旭牙體技術所","臺北市萬華區","開業","臺北市萬華區萬大路322巷61號(1樓)","23390880"
"2Y07300058","三雅牙體技術所","高雄市左營區","開業","高雄市左營區富民路145號4樓","0985295576/0937499969"
"2Y37030014","冠霖牙體技術所","彰化縣和美鎮","開業","彰化縣和美鎮鐵山里彰美路三段324巷11號","04-7578586"
"2Y05320052","鴻展牙體技術所","臺南市東區","開業","臺南市東區大智里崇善16街126巷6號2樓","06-2605164"
"2Y32100039","裕鑫牙體技術所","桃園市平鎮區","開業","桃園市平鎮區復興街25號1樓","03-4912068"
"2Y07350076","文章牙體技術所","高雄市苓雅區","開業","高雄市苓雅區復興二路7號7樓之2","07-3311991"
"2Y32040038","皇嘉牙體技術所","桃園市楊梅區","開業","桃園市楊梅區文化街541巷2弄8號3、4樓","03-4815095"
"2Y31040123","北翔牙體技術所","新北市中和區","開業","新北市中和區連勝街109號1樓","0222400601"
"2Y31010107","玉采牙體技術所","新北市板橋區","開業","新北市板橋區莒光路165巷2之3號4樓","02-8251-0255"
"2Y05310083","銘匠牙體技術所","臺南市永康區","開業","臺南市永康區網寮里永和街260巷26弄23號1樓","06-2038636"
"2Y03090024","大豐牙體技術所","臺中市潭子區","開業","臺中市潭子區得福街40號1樓","04-25318413"
"2Y07360063","海君牙體技術所","高雄市前鎮區","開業","高雄市前鎮區英明路87號","07-7228288"
"2Y31020149","佳良牙體技術所","新北市三重區","開業","新北市三重區福和街19號1樓","02-2970-2345"
"2Y03090051","長昇牙體技術所","臺中市潭子區","開業","臺中市潭子區潭興路二段419巷11號1樓","04-25393707"
"2Y07320194","中華牙體技術所","高雄市三民區","開業","高雄市三民區民族一路19巷15號1樓","07-3138513"
"2Y31010198","凱宜牙體技術所","新北市板橋區","開業","新北市板橋區新生街74號1樓","02-29664922"
"2Y01200031","欣雅牙體技術所","臺北市文山區","開業","臺北市文山區興隆路4段165巷45號","29391187"
"2Y32010192","大成牙體技術所","桃園市桃園區","開業","桃園市桃園區大連二街20號1樓","03-3267071/09-3267071"
"2Y31100017","榮興牙體技術所","新北市淡水區","開業","新北市淡水區北新路72號2樓","02-86311220"
"2Y01010064","尚合牙體技術所","臺北市松山區","開業","臺北市松山區敦化北路155巷1號3樓","02-87129818"
"2Y07310054","永新牙體技術所","高雄市楠梓區","開業","高雄市楠梓區慶昌街60巷10號","07-3639006"
"2Y03150025","微笑工坊牙體技術所","臺中市烏日區","開業","臺中市烏日區學田路312巷105弄19號1樓","04-23366710"
"2Y01170083","旭青牙體技術所","臺北市信義區","開業","臺北市信義區中坡北路37巷1號5樓","02-27612089"
"2Y03270068","豐達牙體技術所","臺中市西屯區","開業","臺中市西屯區漢口路二段140號4樓","04-23156255"
"2Y03280055","巧新牙體技術所","臺中市南屯區","開業","臺中市南屯區豐功路17號3樓","04-23862689"
"2Y31080047","鉅承牙體技術所","新北市鶯歌區","開業","新北市鶯歌區福安街32巷22號2樓","02-26786820"
"2Y07300067","幸福牙體技術所","高雄市左營區","開業","高雄市左營區安吉街430號4樓之1","07 5564818"
"2Y31060116","冠宇牙體技術所","新北市新莊區","開業","新北市新莊區中華路一段63巷28號5樓","29942557"
"2Y31090016","建陽牙體技術所","新北市三峽區","開業","新北市三峽區復興路112號1樓","02-26738733"
"2Y32010174","漢疆牙體技術所","桃園市桃園區","開業","桃園市桃園區永安路385巷6號6樓之1","03-3690898"
"2Y12010061","慶昇牙體技術所","新竹市東區","開業","新竹市東區新光里明湖路213巷23弄8-1號2樓","03-5620083"
"2Y05380058","永盛牙體技術所","臺南市安平區","開業","臺南市安平區育平里平豐路44巷14號1樓","06-2994987"
"2Y01180061","藝佳牙體技術所","臺北市中正區","開業","臺北市中正區寧波西街119號4樓","23652636"
"2Y31020256","日欣牙體技術所","新北市三重區","開業","新北市三重區集美街75巷2號4樓","02-2977-0028"
"2Y31010198","凱宜牙體技術所","新北市板橋區","開業","新北市板橋區新生街74號1樓","02-29664922"
"2Y31100035","成泰數位牙體技術所","新北市淡水區","開業","新北市淡水區北新路184巷9號1樓","26216204"
"2Y31010107","玉采牙體技術所","新北市板橋區","開業","新北市板橋區莒光路165巷2之3號4樓","02-8251-0255"
"2Y01190012","永旭牙體技術所","臺北市萬華區","開業","臺北市萬華區萬大路322巷61號(1樓)","23390880"
"2Y03280126","安生牙體技術所","臺中市南屯區","開業","臺中市南屯區大英街310號2樓","04-23280909"
"2Y32020134","金川牙體技術所","桃園市中壢區","開業","桃園市中壢區榮民路97巷7號1樓","03-4639342"
"2Y01010064","尚合牙體技術所","臺北市松山區","開業","臺北市松山區敦化北路155巷1號3樓","02-87129818"
"2Y32010414","雲樂牙體技術所","桃園市桃園區","開業","桃園市桃園區鎮二街118之4號5樓","（03）3311223"
"2Y31060116","冠宇牙體技術所","新北市新莊區","開業","新北市新莊區中華路一段63巷28號5樓","29942557"
"2Y07320318","賀丞牙體技術所","高雄市三民區","開業","高雄市三民區寶鼎街39號3樓","07-3102386"
"2Y03190127","威盛牙體技術所","臺中市太平區","開業","臺中市太平區成功東路98巷11號1樓","04-22702250"
"2Y03200191","品御牙體技術所","臺中市大里區","開業","臺中市大里區大里二街159號1樓","04-24860438"
"2Y32020170","信美牙體技術所","桃園市中壢區","開業","桃園市中壢區後寮一路101號4樓","03-3752575"
"2Y07010059","義興牙體技術所","高雄市鳳山區","開業","高雄市鳳山區文明街9號1樓","7482697"
"2Y05320105","吉安牙體技術所","臺南市東區","開業","臺南市東區南聖里裕農路866之6號1樓","06-3312175"
"2Y03280055","巧新牙體技術所","臺中市南屯區","開業","臺中市南屯區豐功路17號3樓","04-23862689"
"2Y32040092","台豐牙體技術所","桃園市楊梅區","開業","桃園市楊梅區裕成路158巷13號1樓","03-4816709"
"2Y31140173","仕林牙體技術所","新北市蘆洲區","開業","新北市蘆洲區永樂街38巷19弄53之3號1樓","22852713"
"2Y03050020","尚揚牙體技術所","臺中市沙鹿區","開業","臺中市沙鹿區錦上街143號1樓","04-26634598"
"2Y31010358","歐格牙體技術所","新北市板橋區","開業","新北市板橋區南雅南路二段11-21號5樓","(02) 8953-7475"
"2Y31020354","晶創牙體技術所","新北市三重區","開業","新北市三重區仁義街241巷2號","(02)8982-5994"
"2Y31020345","原聖牙體技術所","新北市三重區","開業","新北市三重區忠孝路三段15巷16弄10號5樓","(02)2585-8756"
"2Y32100146","建誠牙體技術所","桃園市平鎮區","開業","桃園市平鎮區龍泉街137巷101號1樓","03-4577855"
"2Y32020170","信美牙體技術所","桃園市中壢區","開業","桃園市中壢區後寮一路101號4樓","03-3752575"
"2Y03200191","品御牙體技術所","臺中市大里區","開業","臺中市大里區大里二街159號1樓","04-24860438"
"2Y01100232","成恩牙體技術所","臺北市中山區","開業","臺北市中山區中山北路二段153號5樓","02-25112486、0928-672262"
"2Y01100241","龍興牙體技術所","臺北市中山區","開業","臺北市中山區民權東路三段71號3樓","0910162058"
"2Y01090124","達爾文牙體技術所","臺北市大同區","開業","臺北市大同區重慶北路一段1之1號(實際營業地址:5樓)","02-25560662"
"2Y31010401","禾華牙體技術所","新北市板橋區","開業","新北市板橋區華興街32號2樓","2959-2272"
"2Y01110167","醫點牙體技術所","臺北市內湖區","開業","臺北市內湖區瑞光路478巷18弄32號","26583322"
"2Y01180061","藝佳牙體技術所","臺北市中正區","開業","臺北市中正區寧波西街119號4樓","23652636"
"2Y43010082","和成牙體技術所","屏東縣屏東市","開業","屏東縣屏東市忠孝路261之1 號1樓","0915583607"
"2Y32100164","佳欣牙體技術所","桃園市平鎮區","開業","桃園市平鎮區金陵路二段81巷2-1號1樓","00955216779"
"2Y03270219","翰揚牙體技術所","臺中市西屯區","開業","臺中市西屯區文中路2號4樓之2","04-23130607"
"2Y31140235","昀家牙體技術所","新北市蘆洲區","開業","新北市蘆洲區永平街32巷21弄20號5樓","0933655919"
"2Y07320283","星豪牙體技術所","高雄市三民區","開業","高雄市三民區臥龍路49號3樓之4","07-3850167"
"2Y37030023","怡康牙體技術所","彰化縣和美鎮","開業","彰化縣和美鎮嘉鐵路184巷2號1樓","0937-693033"
"2Y03010071","鈦馨牙體技術所","臺中市豐原區","開業","臺中市豐原區中興路302號1樓","0980-425786"
"2Y12010061","慶昇牙體技術所","新竹市東區","開業","新竹市東區新光里明湖路213巷23弄8-1號2樓","03-5620083"
"2Y45010044","藝澄牙體技術所","花蓮縣花蓮市","開業","花蓮縣花蓮市國裕里富裕14街48號","03-8560241"
"2Y03290024","巧固牙體技術所","臺中市北屯區","開業","臺中市北屯區瀋陽路二段14號1樓","0931484876"
"2Y31040365","眾工數位牙體技術所","新北市中和區","開業","新北市中和區橋和路90號5樓之1","0222441233"
"2Y31030056","久源牙體技術所","新北市永和區","開業","新北市永和區中山路1段339號2樓","02-86608367"
"2Y03150025","微笑工坊牙體技術所","臺中市烏日區","開業","臺中市烏日區學田路312巷105弄19號1樓","04-23366710"
"2Y31030163","漢鼎牙體技術所","新北市永和區","開業","新北市永和區永和路1段142號6樓","02-22313610"
"2Y01100232","成恩牙體技術所","臺北市中山區","開業","臺北市中山區中山北路二段153號5樓","02-25112486、0928-672262"
"2Y31020014","紅石牙體技術所","新北市三重區","開業","新北市三重區重陽路二段30號2樓","(02)29714551"
"2Y03090024","大豐牙體技術所","臺中市潭子區","開業","臺中市潭子區得福街40號1樓","04-25318413"
"2Y07350147","優圖牙體技術所","高雄市苓雅區","開業","高雄市苓雅區凱旋二路33號1樓","0958177603"
"2Y40160012","模模庫瑪牙體技術所","嘉義縣番路鄉","開業","嘉義縣番路鄉下坑村菜公店65號","0966533378"
"2Y01150116","穩植牙體技術所","臺北市士林區","開業","臺北市士林區承德路4段83號4樓之1","02-28850099"
"2Y03190127","威盛牙體技術所","臺中市太平區","開業","臺中市太平區成功東路98巷11號1樓","04-22702250"
"2Y03250093","仿生藝術牙體技術所","臺中市南區","開業","臺中市南區工學路169號3樓","04-22656520"
"2Y31040365","眾工數位牙體技術所","新北市中和區","開業","新北市中和區橋和路90號5樓之1","0222441233"
"2Y31100035","成泰數位牙體技術所","新北市淡水區","開業","新北市淡水區北新路184巷9號1樓","26216204"
"2Y07090020","方吾牙體技術所","高雄市大社區","開業","高雄市大社區神農里苗圃巷1號1樓","0988258730"
"2Y31040374","鈦和數位牙體技術所","新北市中和區","開業","新北市中和區建康路174號2樓","0282276099"
"2Y31020523","台灣矯正數位牙體技術所","新北市三重區","開業","新北市三重區萬壽街46之1號1樓","02-28095349"
"2Y32010414","雲樂牙體技術所","桃園市桃園區","開業","桃園市桃園區鎮二街118之4號5樓","（03）3311223"
"2Y03150061","奧米鉫牙體技術所","臺中市烏日區","開業","臺中市烏日區五光路930巷17弄53號","04-23365556"
"2Y12050029","新研牙體技術所","新竹市香山區","開業","新竹市香山區宮口街28巷2弄1號1樓","035384270"
"2Y07310018","鴻成牙體技術所","高雄市楠梓區","開業","高雄市楠梓區惠民路71巷2號5樓之2","07-3640657"
"2Y31040034","寶星牙體技術所","新北市中和區","開業","新北市中和區民享里１５鄰民享街９１-６號５樓","0222231685"
"2Y01170010","鼎立牙體技術所","臺北市信義區","開業","臺北市信義區吳興街284巷22弄94號2樓","27325107"
"2Y03270013","恆昌牙體技術所","臺中市西屯區","開業","臺中市西屯區福興路413號2樓","04-24514589"
"2Y40060017","嘉一牙體技術所","嘉義縣新港鄉","開業","嘉義縣新港鄉宮後村新民路219號","05-3743531"
"2Y31140039","勝億牙體技術所","新北市蘆洲區","開業","新北市蘆洲區集賢路393號11樓","0228480757"
"2Y40060035","美牙牙體技術所","嘉義縣新港鄉","開業","嘉義縣新港鄉古民村古民路156之14號1樓","05-3742957"
"2Y32080023","子騏牙體技術所","桃園市八德區","開業","桃園市八德區仁德路250巷9號1樓",""
"2Y03200039","文山牙體技術所","臺中市大里區","開業","臺中市大里區中興路二段137號1樓",""
"2Y07320069","立聖牙體技術所","高雄市三民區","開業","高雄市三民區建國一路411號7樓","07-2253566"
"2Y03200057","兄弟牙體技術所","臺中市大里區","開業","臺中市大里區永隆八街218號1樓","04-24075787"
"2Y03270022","亞泰牙體技術所","臺中市西屯區","開業","臺中市西屯區黎明路三段465之2號","0988-066563"
"2Y31040089","祐祥牙體技術所","新北市中和區","開業","新北市中和區員山路327巷43號1樓","02-22288268"
"2Y07060022","永昌牙體技術所","高雄市大寮區","開業","高雄市大寮區永芳路46-33號","7827891"
"2Y12010016","昶德牙體技術所","新竹市東區","開業","新竹市東區新興里南大路359巷6號1樓","03-5629160"
"2Y31060054","上立齒技牙體技術所","新北市新莊區","開業","新北市新莊區中正路145之22號7樓","29928964"
"2Y32020018","格拉斯牙體技術所","桃園市中壢區","開業","桃園市中壢區中華路1段644巷30弄3號5樓","03-4341698"
"2Y32010076","銓泰牙體技術所","桃園市桃園區","開業","桃園市桃園區玉山街212巷14弄12號1樓","03-3616731"
"2Y31020087","堅灃牙體技術所","新北市三重區","開業","新北市三重區五華街141巷27號1樓","(02)2857-2035"
"2Y07060040","聖隆牙體技術所","高雄市大寮區","開業","高雄市大寮區琉球里巷尾路90-5號1樓","07-7824206"
"2Y32020027","曜澄牙體技術所","桃園市中壢區","開業","桃園市中壢區龍岡路3段243巷73弄1號1-2樓","03-4682530"
"2Y31050049","盈泉牙體技術所","新北市新店區","開業","新北市新店區新生街31號1樓","29103378"
"2Y37150020","家家榮牙體技術所","彰化縣大村鄉","開業","彰化縣大村鄉村上村中山路二段187巷12號","04-8533363"
"2Y05310074","大華牙體技術所","臺南市永康區","開業","臺南市永康區復華里復華10街45巷10號1樓","06-2029869"
"2Y03280019","健順牙體技術所","臺中市南屯區","開業","臺中市南屯區永順路602號1樓","04-23811975"
"2Y32070018","德寶牙體技術所","桃園市龜山區","開業","桃園市龜山區萬壽路二段904號2樓","03-3295095"
"2Y03100025","勤美牙體技術所","臺中市大雅區","開業","臺中市大雅區大林路363巷13號1樓","04-25680136"
"2Y34100019","維盟牙體技術所","宜蘭縣三星鄉","開業","宜蘭縣三星鄉上將路二段326號","03-9550305"
"2Y07320069","立聖牙體技術所","高雄市三民區","開業","高雄市三民區建國一路411號7樓","07-2253566"
"2Y31150053","日升牙體技術所","新北市五股區","開業","新北市五股區西雲路25號1樓","22925285"
"2Y32010076","銓泰牙體技術所","桃園市桃園區","開業","桃園市桃園區玉山街212巷14弄12號1樓","03-3616731"
"2Y05370034","仁美牙體技術所","臺南市安南區","開業","臺南市安南區城北路268巷27弄22號1樓","仁美牙體技術所"
"2Y31020541","曉燁牙體技術所","新北市三重區","開業","新北市三重區力行路二段136巷37號1樓","02-25858756"
"2Y03190047","威呈牙體技術所","臺中市太平區","開業","臺中市太平區宜欣一街33號1樓","04-22990699"
"2Y12010016","昶德牙體技術所","新竹市東區","開業","新竹市東區新興里南大路359巷6號1樓","03-5629160"
"2Y03270022","亞泰牙體技術所","臺中市西屯區","開業","臺中市西屯區黎明路三段465之2號","0988-066563"
"2Y32070018","德寶牙體技術所","桃園市龜山區","開業","桃園市龜山區萬壽路二段904號2樓","03-3295095"
"2Y03180014","裕祥牙體技術所","臺中市霧峰區","開業","臺中市霧峰區光明路150巷15之1號3樓","04-23330051"
"2Y12010043","勁洋牙體技術所","新竹市東區","開業","新竹市東區復興里經國路一段398巷19號1樓","03-5340266"
"2Y03290131","聯達牙體技術所","臺中市北屯區","開業","臺中市北屯區大連北街46巷42之1號1樓","04-22924267"
"2Y33020012","牙德牙體技術所","新竹縣新埔鎮","開業","新竹縣新埔鎮信義二街29巷5號1樓","03-5882777"
"2Y34010056","揚明牙體技術所","宜蘭縣宜蘭市","開業","宜蘭縣宜蘭市自強新路2號3樓","03-9330105"
"2Y03090060","昇豊牙體技術所","臺中市潭子區","開業","臺中市潭子區中山路一段280號1樓及2樓","04-25321297"
"2Y07320201","永順牙體技術所","高雄市三民區","開業","高雄市三民區昌裕街113號9樓","07-3865306"
"2Y03230037","沅昇牙體技術所","臺中市東區","開業","臺中市東區富貴街45號1樓","04-23603658"
"2Y34100019","維盟牙體技術所","宜蘭縣三星鄉","開業","宜蘭縣三星鄉上將路二段326號","03-9550305"
"2Y07160018","原名牙體技術所","高雄市湖內區","開業","高雄市湖內區福生五街123號","07-6990712"
"2Y07310018","鴻成牙體技術所","高雄市楠梓區","開業","高雄市楠梓區惠民路71巷2號5樓之2","07-3640657"
"2Y32020027","曜澄牙體技術所","桃園市中壢區","開業","桃園市中壢區龍岡路3段243巷73弄1號1-2樓","03-4682530"
"2Y07320363","明記牙體技術所","高雄市三民區","開業","高雄市三民區褒揚街329巷15號1樓","0925963082"
"2Y45050084","展藝牙體技術所","花蓮縣吉安鄉","開業","花蓮縣吉安鄉慶豐村慶北三街591號","03-8547831"
"2Y05310074","大華牙體技術所","臺南市永康區","開業","臺南市永康區復華里復華10街45巷10號1樓","06-2029869"
"2Y12040050","慈恩牙體技術所","新竹市北區","開業","新竹市北區湳中里湳中街68巷5號1樓","03-5340266"
"2Y32100244","辰新牙體技術所","桃園市平鎮區","開業","桃園市平鎮區廣達街87巷15弄1號2樓","0939927139"
"2Y07320247","金輝牙體技術所","高雄市三民區","開業","高雄市三民區建國一路424號1樓及2樓","07-2230943"
"2Y31020505","喬宇牙體技術所","新北市三重區","開業","新北市三重區仁愛街55巷105號1樓","02-29750913"
"2Y31010492","大豐牙體技術所","新北市板橋區","開業","新北市板橋區大豐街74號(1樓)","(02) 29548057"
"2Y39020034","朝日牙體技術所","雲林縣斗南鎮","開業","雲林縣斗南鎮西岐里和平街123號","05-5955400"
"2Y32030023","鴻海牙體技術所","桃園市大溪區","開業","桃園市大溪區一心里文化路129巷21號1樓","03-3884566"
"2Y05350078","長美牙體技術所","臺南市北區","開業","臺南市北區成德里育成路234號1樓","06-2813418"
"2Y31140119","興鴻牙體技術所","新北市蘆洲區","開業","新北市蘆洲區環堤大道176號1樓","02-26188216"
"2Y46010084","禾美牙體技術所","臺東縣台東市","開業","臺東縣台東市志航路一段136號","089-222837"
"2Y01180034","永生牙體技術所","臺北市中正區","開業","臺北市中正區汀州路三段27巷33號","2365-7972"
"2Y39020043","數位牙體技術所","雲林縣斗南鎮","開業","雲林縣斗南鎮西岐里長安路一段42號","05-5975139"
"2Y32080103","育興牙體技術所","桃園市八德區","開業","桃園市八德區福豐南街3號1樓","03-3641420"
"2Y37050034","群益精密牙體技術所","彰化縣員林市","開業","彰化縣員林市惠來里惠明街106巷76弄8號1樓","04-8354860"
"2Y31040196","永福牙體技術所","新北市中和區","開業","新北市中和區景新街238號5樓","02-29438862"
"2Y05350078","長美牙體技術所","臺南市北區","開業","臺南市北區成德里育成路234號1樓","06-2813418"
"2Y32010325","京佳牙體技術所","桃園市桃園區","開業","桃園市桃園區龍安街142之1號7樓","03-3780910"
"2Y01020033","全美牙體技術所","臺北市大安區","開業","臺北市大安區安居街46巷5號7樓","02-27329990"
"2Y03280019","健順牙體技術所","臺中市南屯區","開業","臺中市南屯區永順路602號1樓","04-23811975"
"2Y31140280","品嘉牙體技術所","新北市蘆洲區","開業","新北市蘆洲區永樂街38巷33弄21號1樓","02-22858381"
"2Y37150020","家家榮牙體技術所","彰化縣大村鄉","開業","彰化縣大村鄉村上村中山路二段187巷12號","04-8533363"
"2Y31130122","兆匯牙體技術所","新北市土城區","開業","新北市土城區廣福街29號1樓","(02)22669582"
"2Y07160018","原名牙體技術所","高雄市湖內區","開業","高雄市湖內區福生五街123號","07-6990712"
"2Y07010148","俊冠牙體技術所","高雄市鳳山區","開業","高雄市鳳山區王生明路48巷3號1樓","07-7471957"
"2Y05370061","陶鼎牙體技術所","臺南市安南區","開業","臺南市安南區同安路36巷84弄1號1樓","06-2527145"
"2Y22020131","儀樺牙體技術所","嘉義市西區","開業","嘉義市西區松江二街28號","05-2330806"
"2Y43020015","全美牙體技術所","屏東縣潮州鎮","開業","屏東縣潮州鎮三星里四維路176號","0919867691"
"2Y31080056","新叡牙體技術所","新北市鶯歌區","開業","新北市鶯歌區光復街13號1樓","02-26792051"
"2Y01150081","啟元牙體技術所","臺北市士林區","開業","臺北市士林區士東路132號3樓","28319258"
"2Y31150053","日升牙體技術所","新北市五股區","開業","新北市五股區西雲路25號1樓","22925285"
"2Y03240131","元易牙體技術所","臺中市西區","開業","臺中市西區臺灣大道二段300號3樓之2","04-23210428"
"2Y34010127","松禾牙體技術所","宜蘭縣宜蘭市","開業","宜蘭縣宜蘭市嵐峰路一段185號1樓","03-9359775"
"2Y31130131","綠毛蟲牙體技術所","新北市土城區","開業","新北市土城區明德路一段172號1樓","2260-6101"
"2Y31130122","兆匯牙體技術所","新北市土城區","開業","新北市土城區廣福街29號1樓","(02)22669582"
"2Y07010148","俊冠牙體技術所","高雄市鳳山區","開業","高雄市鳳山區王生明路48巷3號1樓","07-7471957"
"2Y05310172","合美牙體技術所","臺南市永康區","開業","臺南市永康區西灣里大灣路942巷629號1、2樓","0917259752"
"2Y40040024","捷雅牙體技術所","嘉義縣民雄鄉","開業","嘉義縣民雄鄉北斗村北勢子28鄰656號","05-2209641"
"2Y03190092","冠盛牙體技術所","臺中市太平區","開業","臺中市太平區長安東路75號2樓","04-23936126"
"2Y38030072","國揚牙體技術所","南投縣草屯鎮","開業","南投縣草屯鎮碧山路400號","0980-428908"
"2Y31010527","裕豐牙體技術所","新北市板橋區","開業","新北市板橋區中山路二段40巷22弄3號(1樓)","(02) 8953-0966"
"2Y03190109","益盛牙體技術所","臺中市太平區","開業","臺中市太平區長安東路75號3樓","04-23936126"
"2Y31160059","微美數位牙體技術所","新北市泰山區","開業","新北市泰山區明志路3段204巷20號1樓","02-85122015"
"2Y32070081","昇璜牙體技術所","桃園市龜山區","開業","桃園市龜山區萬壽路二段1181號2樓","03-2133712"
"2Y31010492","大豐牙體技術所","新北市板橋區","開業","新北市板橋區大豐街74號(1樓)","(02) 29548057"
"2Y01020140","臻美牙體技術所","臺北市大安區","開業","臺北市大安區敦化南路二段164號4樓","87326655"
"2Y03200039","文山牙體技術所","臺中市大里區","開業","臺中市大里區中興路二段137號1樓",""
"2Y38020012","寰宇牙體技術所","南投縣埔里鎮","開業","南投縣埔里鎮公誠五街3號","049-2933999"
"2Y46010084","禾美牙體技術所","臺東縣台東市","開業","臺東縣台東市志航路一段136號","089-222837"
"2Y03090104","顏輝牙體技術所","臺中市潭子區","開業","臺中市潭子區民族路二段43號1樓","04-25320866"
"2Y31050049","盈泉牙體技術所","新北市新店區","開業","新北市新店區新生街31號1樓","29103378"
"2Y03190092","冠盛牙體技術所","臺中市太平區","開業","臺中市太平區長安東路75號2樓","04-23936126"
"2Y31010232","名采牙體技術所","新北市板橋區","開業","新北市板橋區中山路1段265巷36弄17號1樓","02-29535520"
"2Y32080023","子騏牙體技術所","桃園市八德區","開業","桃園市八德區仁德路250巷9號1樓",""
"2Y31050067","大樂牙體技術所","新北市新店區","開業","新北市新店區國校路78號1樓",""
"2Y07320292","和大牙體技術所","高雄市三民區","開業","高雄市三民區九如一路61號5樓之3","0939516237"
"2Y33020030","新冠牙體技術所","新竹縣新埔鎮","開業","新竹縣新埔鎮中正路535號2樓","0977454335"
"2Y03270264","用心牙體技術所","臺中市西屯區","開業","臺中市西屯區文心路三段236號11樓","04-23150498"
"2Y32100244","辰新牙體技術所","桃園市平鎮區","開業","桃園市平鎮區廣達街87巷15弄1號2樓","0939927139"
"2Y03010099","阜康牙體技術所","臺中市豐原區","開業","臺中市豐原區中正路737巷33號1樓","0963-152538"
"2Y07320363","明記牙體技術所","高雄市三民區","開業","高雄市三民區褒揚街329巷15號1樓","0925963082"
"2Y01120065","永春牙體技術所","臺北市南港區","開業","臺北市南港區成福路171巷22弄1號1樓","0912640097"
"2Y12010114","鈦一雅緻牙體技術所","新竹市東區","開業","新竹市東區文華里田美一街27號2樓","03-5353232"
"2Y32070107","奇琳數位牙體技術所","桃園市龜山區","開業","桃園市龜山區文化一路256號2樓","0961109873"
"2Y01190101","釉質牙體技術所","臺北市萬華區","開業","臺北市萬華區漢口街2段73號11樓之5","0989-721730"
"2Y31020541","曉燁牙體技術所","新北市三重區","開業","新北市三重區力行路二段136巷37號1樓","02-25858756"
"2Y31030029","信全牙體技術所","新北市永和區","開業","新北市永和區秀朗路一段216號2樓","02-29251387"
"2Y31130033","志盛牙體技術所","新北市土城區","開業","新北市土城區學府路1段143巷20弄8號1樓","02-22643390"
"2Y31150026","暉揚牙體技術所","新北市五股區","開業","新北市五股區五福路122號11樓","2293-8889"
"2Y39010010","山田牙體技術所","雲林縣斗六市","開業","雲林縣斗六市自由路19號",""
"2Y03290015","富山牙體技術所","臺中市北屯區","開業","臺中市北屯區旱溪東路三段16巷5號","04-24362777"
"2Y01110023","亞緻牙體技術所","臺北市內湖區","開業","臺北市內湖區瑞光路26巷20弄26號2樓","27987996"
"2Y22020033","佑銓牙體技術所","嘉義市西區","開業","嘉義市西區劉厝路265號","05-2357989"
"2Y22020051","優良牙體技術所","嘉義市西區","開業","嘉義市西區磚瑤里玉康路362號","2363686"
"2Y37140015","宏俊精密牙體技術所","彰化縣芬園鄉","開業","彰化縣芬園鄉圳墘村碧園路2段341號","049-2527637"
"2Y07320041","富康牙體技術所","高雄市三民區","開業","高雄市三民區民族一路702之2號20樓之2","07-3463920"
"2Y31010214","立煒牙體技術所","新北市板橋區","開業","新北市板橋區中正路216巷54號4樓","02-8968-3138"
"2Y05370105","全清牙體技術所","臺南市安南區","開業","臺南市安南區府安路五段98巷56弄6號1樓","06-2596696"
"2Y31080065","奇恩牙體技術所","新北市鶯歌區","開業","新北市鶯歌區文化路234號1樓","86780527"
"2Y45050075","東星牙體技術所","花蓮縣吉安鄉","開業","花蓮縣吉安鄉慶豐村8街138號","03-8540961"
"2Y03190136","式裕牙體技術所","臺中市太平區","開業","臺中市太平區中山路一段322巷1號1、2樓","04-23923519"
"2Y31140217","心業牙體技術所","新北市蘆洲區","開業","新北市蘆洲區長安街285巷3號7樓","28475251"
"2Y31040356","華維牙體技術所","新北市中和區","開業","新北市中和區和平路200巷35弄15號2樓","0926784980"
"2Y31030029","信全牙體技術所","新北市永和區","開業","新北市永和區秀朗路一段216號2樓","02-29251387"
"2Y07320096","名生牙體技術所","高雄市三民區","開業","高雄市三民區民族一路76號5樓","07-3805766"
"2Y32100119","凱弘牙體技術所","桃園市平鎮區","開業","桃園市平鎮區正義路81巷2弄10號1樓","03-4572757"
"2Y01180016","盛豐牙體技術所","臺北市中正區","開業","臺北市中正區泉州街37號2樓","23038028"
"2Y43010028","佰藝牙體技術所","屏東縣屏東市","開業","屏東縣屏東市廣東路433巷6號","7363365"
"2Y22020088","尚品牙體技術所","嘉義市西區","開業","嘉義市西區新民路499巷10號","2354077"
"2Y32100048","信成牙體技術所","桃園市平鎮區","開業","桃園市平鎮區湧光路292巷3號2樓","03-4696540"
"2Y01170047","全海牙體技術所","臺北市信義區","開業","臺北市信義區松隆路123巷25號7樓","27661133"
"2Y40070013","陶宇牙體技術所","嘉義縣六腳鄉","開業","嘉義縣六腳鄉雙涵村8鄰65之7號","05-3805340"
"2Y05330012","昌和牙體技術所","臺南市南區","開業","臺南市南區永成路三段25巷26號1樓","06-2652560"
"2Y40070022","高群牙體技術所","嘉義縣六腳鄉","開業","嘉義縣六腳鄉蒜南村12鄰530號","05-3806570"
"2Y31010116","育群牙體技術所","新北市板橋區","開業","新北市板橋區新生街87巷24號5樓","02-2960-2975"
"2Y05370105","全清牙體技術所","臺南市安南區","開業","臺南市安南區府安路五段98巷56弄6號1樓","06-2596696"
"2Y37230032","丹翌牙體技術所","彰化縣芳苑鄉","開業","彰化縣芳苑鄉建平村二溪路草二段新興巷1弄16號2樓","04-8861737"
"2Y34010065","詠美牙體技術所","宜蘭縣宜蘭市","開業","宜蘭縣宜蘭市大福路1段93號","03-9306496"
"2Y11030023","富悅牙體技術所","基隆市暖暖區","開業","基隆市暖暖區八堵路8之3號","02-24633336"
"2Y31050183","鑫鎂牙體技術所","新北市新店區","開業","新北市新店區安民街379巷5號1樓","02 86663301"
"2Y07380047","翔鴻牙體技術所","高雄市小港區","開業","高雄市小港區青山街71巷22號1樓","8013379"
"2Y31010518","佳正牙體技術所","新北市板橋區","開業","新北市板橋區四川路一段339巷11之1號(2樓)","(02) 2954-5252"
"2Y05320070","嘉新牙體技術所","臺南市東區","開業","臺南市東區裕農里東寧路510巷15號1樓","06-2372822"
"2Y32010209","源昇牙體技術所","桃園市桃園區","開業","桃園市桃園區昆明路138巷30號1樓","03-3636645"
"2Y31150026","暉揚牙體技術所","新北市五股區","開業","新北市五股區五福路122號11樓","2293-8889"
"2Y43010028","佰藝牙體技術所","屏東縣屏東市","開業","屏東縣屏東市廣東路433巷6號","7363365"
"2Y32020107","麗雅牙體技術所","桃園市中壢區","開業","桃園市中壢區龍昌路216巷1號1樓","03-4372389"
"2Y31020167","永明牙體技術所","新北市三重區","開業","新北市三重區自強路三段87巷14號1樓","02-2286-5055"
"2Y07360081","冠諺齒研牙體技術所","高雄市前鎮區","開業","高雄市前鎮區育樂路20號8樓之16","07-7163353"
"2Y03240033","佳美牙體技術所","臺中市西區","開業","臺中市西區篤行路185號5樓15","04-22017441"
"2Y12040032","博旺牙體技術所","新竹市北區","開業","新竹市北區南寮里東大路三段403巷17弄27號1樓","03-5332179"
"2Y31010214","立煒牙體技術所","新北市板橋區","開業","新北市板橋區中正路216巷54號4樓","02-8968-3138"
"2Y03290104","嘉豐牙體技術所","臺中市北屯區","開業","臺中市北屯區中清東一街2號1樓","04-22927130"
"2Y32010209","源昇牙體技術所","桃園市桃園區","開業","桃園市桃園區昆明路138巷30號1樓","03-3636645"
"2Y31050085","鑫美牙體技術所","新北市新店區","開業","新北市新店區永業路51巷1號1樓","02 22113603"
"2Y31030118","篤信牙體技術所","新北市永和區","開業","新北市永和區自由街64號11樓之3、之4","02-29298275"
"2Y31070023","大洋牙體技術所","新北市樹林區","開業","新北市樹林區日新街11號3樓","02-26832597"
"2Y03230046","名一牙體技術所","臺中市東區","開業","臺中市東區東英六街76巷2號4樓","04-22133474"
"2Y39060010","宏鑫牙體技術所","雲林縣北港鎮","開業","雲林縣北港鎮太平路247號","05-7831201"
"2Y31010269","元佐牙體技術所","新北市板橋區","開業","新北市板橋區中正路216巷39之3號4樓","02-29608822"
"2Y32080096","金田牙體技術所","桃園市八德區","開業","桃園市八德區大明街40號1樓","03-3669472"
"2Y31010250","銳齊牙體技術所","新北市板橋區","開業","新北市板橋區三民路2段正隆巷20號1樓","02-2954-6834"
"2Y34010065","詠美牙體技術所","宜蘭縣宜蘭市","開業","宜蘭縣宜蘭市大福路1段93號","03-9306496"
"2Y31040203","東華牙體技術所","新北市中和區","開業","新北市中和區安邦街89號1樓","0282457863"
"2Y45050048","信記牙體技術所","花蓮縣吉安鄉","開業","花蓮縣吉安鄉吉安路二段371號","038527675"
"2Y31020210","時代牙體技術所","新北市三重區","開業","新北市三重區頂崁街210巷23弄7號5樓","2986-7668"
"2Y31010554","日新牙體技術所","新北市板橋區","開業","新北市板橋區篤行路二段161巷4號10樓","02-26872572"
"2Y07350058","三暘牙體技術所","高雄市苓雅區","開業","高雄市苓雅區中正二路22號6樓之2","07-2221231"
"2Y03290275","奇立牙體技術所","臺中市北屯區","開業","臺中市北屯區新興路6巷13號1樓","04-24262428"
"2Y03280144","蓁鎂牙體技術所","臺中市南屯區","開業","臺中市南屯區大進街1號2樓之1","04-24716423"
"2Y35040012","鑫昌牙體技術所","苗栗縣竹南鎮","開業","苗栗縣竹南鎮海口里5鄰光德路313號1樓","475190"
"2Y39010047","皇品牙體技術所","雲林縣斗六市","開業","雲林縣斗六市明德里5鄰鎮北路686巷60弄1-42號1樓","05-5510688"
"2Y43010073","維新牙體技術所","屏東縣屏東市","開業","屏東縣屏東市中正路718號1樓","0989296767"
"2Y31040221","立大牙體技術所","新北市中和區","開業","新北市中和區民利街68巷2弄6號1樓","0222259308"
"2Y01150072","天成牙體技術所","臺北市士林區","開業","臺北市士林區中山北路五段829巷37號2樓","02-28314852"
"2Y01200077","尚豐牙體技術所","臺北市文山區","開業","臺北市文山區興德路6巷6號","0910151088"
"2Y31070023","大洋牙體技術所","新北市樹林區","開業","新北市樹林區日新街11號3樓","02-26832597"
"2Y39010038","美齒牙體技術所","雲林縣斗六市","開業","雲林縣斗六市明德里萬年路141巷21弄17號","5515637/0931946283"
"2Y32070090","永光牙體技術所","桃園市龜山區","開業","桃園市龜山區楓樹路95號1樓","03-3193228"
"2Y12010105","天野牙體技術所","新竹市東區","開業","新竹市東區復中里中央路219號2樓","03-5318111、0968654111"
"2Y32020198","睿騏牙體技術所","桃園市中壢區","開業","桃園市中壢區大圳路2段193巷68號1樓","03-4257333"
"2Y07360081","冠諺齒研牙體技術所","高雄市前鎮區","開業","高雄市前鎮區育樂路20號8樓之16","07-7163353"
"2Y31140306","和安牙體技術所","新北市蘆洲區","開業","新北市蘆洲區中山一路61巷28號2樓","0979286726"
"2Y37140015","宏俊精密牙體技術所","彰化縣芬園鄉","開業","彰化縣芬園鄉圳墘村碧園路2段341號","049-2527637"
"2Y31010250","銳齊牙體技術所","新北市板橋區","開業","新北市板橋區三民路2段正隆巷20號1樓","02-2954-6834"
"2Y31040203","東華牙體技術所","新北市中和區","開業","新北市中和區安邦街89號1樓","0282457863"
"2Y32010129","民富牙體技術所","桃園市桃園區","開業","桃園市桃園區民富二街68號7樓","03-3336166"
"2Y03240033","佳美牙體技術所","臺中市西區","開業","臺中市西區篤行路185號5樓15","04-22017441"
"2Y07350156","兔子牙體技術所","高雄市苓雅區","開業","高雄市苓雅區凱旋三路615號1樓","0975071222"
"2Y07380056","百雅特牙體技術所","高雄市小港區","開業","高雄市小港區宏平路658號12樓.660號12樓","0955554830"
"2Y07100021","大一牙體技術所","高雄市鳥松區","開業","高雄市鳥松區澄明街96巷13號4樓","07-3705265"
"2Y12040032","博旺牙體技術所","新竹市北區","開業","新竹市北區南寮里東大路三段403巷17弄27號1樓","03-5332179"
"2Y05050064","明德牙體技術所","臺南市佳里區","開業","臺南市佳里區建南里仁愛路420號1樓","06-7210129、0988279523"
"2Y31020434","馥群數位牙體技術所","新北市三重區","開業","新北市三重區名源街6號1樓","02-2981-8021"
"2Y01170145","栞德牙體技術所","臺北市信義區","開業","臺北市信義區基隆路2段133號6樓","02-26417786"
"2Y01170047","全海牙體技術所","臺北市信義區","開業","臺北市信義區松隆路123巷25號7樓","27661133"
"2Y03010062","吉立牙體技術所","臺中市豐原區","開業","臺中市豐原區永康路213巷22號1樓","04-25228878"
"2Y32080167","優科牙體技術所","桃園市八德區","開業","桃園市八德區瑞豐里5鄰豐成街17號3樓","0966-622068"
"2Y31110059","藝軒牙體技術所","新北市汐止區","開業","新北市汐止區建成路57巷98號1樓","86915813"
"2Y01190085","尚美牙體技術所","臺北市萬華區","開業","臺北市萬華區柳州街47號5樓","02-23311596.0955478287"
"2Y31150062","鼎元牙體技術所","新北市五股區","開業","新北市五股區水碓一路14號6樓","0963082718"
"2Y31140217","心業牙體技術所","新北市蘆洲區","開業","新北市蘆洲區長安街285巷3號7樓","28475251"
"2Y32040083","金彧牙體技術所","桃園市楊梅區","開業","桃園市楊梅區民富路3段924巷35號1樓","03-4727621"
"2Y31020434","馥群數位牙體技術所","新北市三重區","開業","新北市三重區名源街6號1樓","02-2981-8021"
"2Y31020425","暷溢牙體技術所","新北市三重區","開業","新北市三重區大智街94之1號2樓","(02)8988-2659"
"2Y43010073","維新牙體技術所","屏東縣屏東市","開業","屏東縣屏東市中正路718號1樓","0989296767"
"2Y32070072","尚翊牙體技術所","桃園市龜山區","開業","桃園市龜山區文化二路34巷14弄29號7樓","0930663676"
"2Y32060021","璞實牙體技術所","桃園市大園區","開業","桃園市大園區埔心街199號1樓","03-3864308"
"2Y05380067","新豐牙體技術所","臺南市安平區","開業","臺南市安平區天妃里安北路16巷17弄58號1樓","06-2289883"
"2Y01200077","尚豐牙體技術所","臺北市文山區","開業","臺北市文山區興德路6巷6號","0910151088"
"2Y03290328","允辰牙體技術所","臺中市北屯區","開業","臺中市北屯區文昌東十街29號1樓","04-22315828"
"2Y31080065","奇恩牙體技術所","新北市鶯歌區","開業","新北市鶯歌區文化路234號1樓","86780527"
"2Y31010518","佳正牙體技術所","新北市板橋區","開業","新北市板橋區四川路一段339巷11之1號(2樓)","(02) 2954-5252"
"2Y07080042","建燁數位牙體技術所","高雄市仁武區","開業","高雄市仁武區八德西路2030號1樓","07-3731405"
"2Y31040310","新美牙體技術所","新北市中和區","開業","新北市中和區建一路249號9樓","0282280900"
"2Y31010554","日新牙體技術所","新北市板橋區","開業","新北市板橋區篤行路二段161巷4號10樓","02-26872572"
"2Y01090071","上揚牙體技術所","臺北市大同區","開業","臺北市大同區環河北路2段115號4樓","02-25996566"
"2Y31040329","弘邑齒牙牙體技術所","新北市中和區","開業","新北市中和區中正路338號15樓","0930000758"
"2Y22020088","尚品牙體技術所","嘉義市西區","開業","嘉義市西區新民路499巷10號","2354077"
"2Y31010116","育群牙體技術所","新北市板橋區","開業","新北市板橋區新生街87巷24號5樓","02-2960-2975"
"2Y31130079","藝宣牙體技術所","新北市土城區","開業","新北市土城區延和路105巷1弄5號8樓","22642466"
"2Y01170038","力儀牙體技術所","臺北市信義區","開業","臺北市信義區莊敬路391巷2弄20號(1樓)","27235196"
"2Y12040087","永旭牙體技術所","新竹市北區","開業","新竹市北區文雅里竹光路78巷11弄2號1樓","0937347732"
"2Y43010108","瓏語牙體技術所","屏東縣屏東市","開業","屏東縣屏東市豐榮街14巷33弄8號2樓","08-7365097"
"2Y05330012","昌和牙體技術所","臺南市南區","開業","臺南市南區永成路三段25巷26號1樓","06-2652560"
"2Y32040083","金彧牙體技術所","桃園市楊梅區","開業","桃園市楊梅區民富路3段924巷35號1樓","03-4727621"
"2Y03260179","恩禔司牙體技術所","臺中市北區","開業","臺中市北區崇德路一段487號1、2樓","04-23129912"
"2Y01190085","尚美牙體技術所","臺北市萬華區","開業","臺北市萬華區柳州街47號5樓","02-23311596.0955478287"
"2Y31020167","永明牙體技術所","新北市三重區","開業","新北市三重區自強路三段87巷14號1樓","02-2286-5055"
"2Y32080149","和興牙體技術所","桃園市八德區","開業","桃園市八德區茄明里16鄰中華路141號1樓","03-3697827"
"2Y35090012","永裕牙體技術所","苗栗縣公館鄉","開業","苗栗縣公館鄉館中村宮前路138號1樓","037-222035；0935362011"
"2Y03290088","銓鑫牙體技術所","臺中市北屯區","開業","臺中市北屯區松和街215號1樓","04-22475260"
"2Y32060021","璞實牙體技術所","桃園市大園區","開業","桃園市大園區埔心街199號1樓","03-3864308"
"2Y03290104","嘉豐牙體技術所","臺中市北屯區","開業","臺中市北屯區中清東一街2號1樓","04-22927130"
"2Y39060010","宏鑫牙體技術所","雲林縣北港鎮","開業","雲林縣北港鎮太平路247號","05-7831201"
"2Y03090159","和泰牙體技術所","臺中市潭子區","開業","臺中市潭子區大通街93巷87弄34號1樓","0927-348360"
"2Y32020143","群昇牙體技術所","桃園市中壢區","開業","桃園市中壢區榮安一街393巷11號6樓","03-4510785"
"2Y03290220","永易牙體技術所","臺中市北屯區","開業","臺中市北屯區安順四街40之5號7樓","04-22417186"
"2Y07330029","宏益牙體技術所","高雄市新興區","開業","高雄市新興區仁愛二街121巷36號1樓","07-2210832"
"2Y32100048","信成牙體技術所","桃園市平鎮區","開業","桃園市平鎮區湧光路292巷3號2樓","03-4696540"
"2Y05310056","良安牙體技術所","臺南市永康區","開業","臺南市永康區大橋里大橋一街103巷62弄5號1樓","06-2335955"
"2Y31060287","諮園牙體技術所","新北市新莊區","開業","新北市新莊區新泰路277巷54號1樓","0927012721"
"2Y03240088","東昇牙體技術所","臺中市西區","開業","臺中市西區樂群街180號1樓","04-23726716"
"2Y05370150","優植牙體技術所","臺南市安南區","開業","臺南市安南區海東里海中街18巷41號1樓","2462610、0912057771"
"2Y39010029","新雅牙體技術所","雲林縣斗六市","開業","雲林縣斗六市龍潭北路21-2號",""
"2Y37010030","冠承牙體技術所","彰化縣彰化市","開業","彰化縣彰化市阿夷里11鄰泰和東街206號1樓","04-7222005"
"2Y31010438","觀點牙體技術所","新北市板橋區","開業","新北市板橋區文化路二段124巷4號4樓","0981-883-415"
"2Y31030083","冠緯牙體技術所","新北市永和區","開業","新北市永和區永貞路407號2樓","32335988"
"2Y32100208","上承牙體技術所","桃園市平鎮區","開業","桃園市平鎮區振興西路40號2樓","03-4933735"
"2Y07160027","宏恩牙體技術所","高雄市湖內區","開業","高雄市湖內區中山路一段405巷43號","07-6933505"
"2Y01170074","惠人牙體技術所","臺北市信義區","開業","臺北市信義區基隆路1段172巷1號地下1樓","27629799"
"2Y32100011","佳美牙體技術所","桃園市平鎮區","開業","桃園市平鎮區文化街236巷7弄11號1樓","4923310"
"2Y31010385","麗歆牙體技術所","新北市板橋區","開業","新北市板橋區龍興街103巷15號5樓","02-22725189"
"2Y31140324","鑫昇牙體技術所","新北市蘆洲區","開業","新北市蘆洲區正和街96巷54號4樓","0937958245"
"2Y05320025","品諾牙體技術所","臺南市東區","開業","臺南市東區裕農路975-7號1、2樓","06-2756166"
"2Y01100278","登特萊牙體技術所","臺北市中山區","開業","臺北市中山區松江路31號2樓之3",""
"2Y38030054","宏信牙體技術所","南投縣草屯鎮","開業","南投縣草屯鎮太平路一段307號5樓之4","0939-361875"
"2Y01110041","全亞牙體技術所","臺北市內湖區","開業","臺北市內湖區內湖路一段737巷33弄5號4樓","2799-0887"
"2Y31150044","冠宏牙體技術所","新北市五股區","開業","新北市五股區西雲路38號1樓","02-22925551"
"2Y32010316","育正牙體技術所","桃園市桃園區","開業","桃園市桃園區雙峰路164號6樓之3","03-3460660"
"2Y05370123","建安牙體技術所","臺南市安南區","開業","臺南市安南區理想里同安路36巷33號1樓","06-2563156"
"2Y31050101","上亞牙體技術所","新北市新店區","開業","新北市新店區檳榔路47號1樓","02 25182562"
"2Y01100189","達美數位牙體技術所","臺北市中山區","開業","臺北市中山區建國北路2段258巷33號","25189220"
"2Y31060198","苙騵牙體技術所","新北市新莊區","開業","新北市新莊區民安西路78巷4號2樓","22047045"
"2Y07340025","家合牙體技術所","高雄市前金區","開業","高雄市前金區中山橫路96號3樓-2","07-2859168"
"2Y32100173","彩奕牙體技術所","桃園市平鎮區","開業","桃園市平鎮區平安路6巷1號1樓","03-2810072"
"2Y01180025","石松牙體技術所","臺北市中正區","開業","臺北市中正區中華路二段321號6樓","23051250"
"2Y37160017","肯佑牙體技術所","彰化縣埔鹽鄉","開業","彰化縣埔鹽鄉崑崙村埔打路100-2號","04-8855706"
"2Y32010030","新生牙體技術所","桃園市桃園區","開業","桃園市桃園區保羅街149號2至3樓","03-3612796"
"2Y03110012","優雅牙體技術所","臺中市新社區","開業","臺中市新社區興安路50號1樓","04-25812757"
"2Y31020023","世華城牙體技術所","新北市三重區","開業","新北市三重區洛陽街47號1樓","0928094663"
"2Y37010058","中國牙體技術所","彰化縣彰化市","開業","彰化縣彰化市崙平南路56巷4號2樓","(04)7614987"
"2Y31040070","順豐牙體技術所","新北市中和區","開業","新北市中和區國光街１６９巷１７號１樓","0229598617"
"2Y31010303","巨將牙體技術所","新北市板橋區","開業","新北市板橋區中山路2段412巷29弄23號5樓","(02) 29638687"
"2Y03250011","朱比特牙體技術所","臺中市南區","開業","臺中市南區福田三街156號2樓","04-22613037"
"2Y34010092","合田牙體技術所","宜蘭縣宜蘭市","開業","宜蘭縣宜蘭市大福路一段143號1樓","03-9303506"
"2Y01170056","詠程牙體技術所","臺北市信義區","開業","臺北市信義區福德街157號4樓","27590090"
"2Y01170074","惠人牙體技術所","臺北市信義區","開業","臺北市信義區基隆路1段172巷1號地下1樓","27629799"
"2Y31140100","元利牙體技術所","新北市蘆洲區","開業","新北市蘆洲區九芎街139巷21號1樓","(02)82860011"
"2Y05380021","中興牙體技術所","臺南市安平區","開業","臺南市安平區永華八街185號1樓","06-3586565"
"2Y03100034","丞宏牙體技術所","臺中市大雅區","開業","臺中市大雅區大林路7巷24-7號1樓","04-25670333"
"2Y32020072","誠毅牙體技術所","桃園市中壢區","開業","桃園市中壢區中園路2段175巷7號1樓","03-4535441"
"2Y37140024","百仕牙體技術所","彰化縣芬園鄉","開業","彰化縣芬園鄉社口村1鄰成功路41號","049-2529917"
"2Y01110087","永頤牙體技術所","臺北市內湖區","開業","臺北市內湖區康寧路三段75巷161號","26318015"
"2Y03290122","欣美牙體技術所","臺中市北屯區","開業","臺中市北屯區豐樂北一路38號1樓","04-24228710"
"2Y03230019","國揚牙體技術所","臺中市東區","開業","臺中市東區二聖街59號1樓","04-22130451"
"2Y05310207","詮昕牙體技術所","臺南市永康區","開業","臺南市永康區西灣里國光七街6巷7之10號2樓","06-2735253/0985104257"
"2Y31010278","宏大牙體技術所","新北市板橋區","開業","新北市板橋區中正路216巷142號2樓","02-2960-8800"
"2Y31010205","泓宇牙體技術所","新北市板橋區","開業","新北市板橋區長江路1段142之1號2樓","02-82595699"
"2Y31020096","嘉鑫牙體技術所","新北市三重區","開業","新北市三重區五華街75巷2號1樓","02-29820811"
"2Y07080051","致志牙體技術所","高雄市仁武區","開業","高雄市仁武區永榮一街160號4樓","07-3731041"
"2Y05280017","衛斯理牙體技術所","臺南市歸仁區","開業","臺南市歸仁區民權八街53巷6號1樓","06-3309930"
"2Y03150052","亞拓牙體技術所","臺中市烏日區","開業","臺中市烏日區榮和路27號5樓之1","0928-666551"
"2Y03010026","健宏牙體技術所","臺中市豐原區","開業","臺中市豐原區鎌村路533號1樓","04-25366707"
"2Y01160032","薇風牙體技術所","臺北市北投區","開業","臺北市北投區中央北路2段323號","29830007"
"2Y07350012","鴻冠牙體技術所","高雄市苓雅區","開業","高雄市苓雅區建國一路90號6樓","07-7275001"
"2Y05280017","衛斯理牙體技術所","臺南市歸仁區","開業","臺南市歸仁區民權八街53巷6號1樓","06-3309930"
"2Y31070032","宜世牙體技術所","新北市樹林區","開業","新北市樹林區中正路641號12樓","02-26762508"
"2Y32100066","嘉榮牙體技術所","桃園市平鎮區","開業","桃園市平鎮區育達路85巷8弄39號1樓","03-4026820"
"2Y34020025","一心牙體技術所","宜蘭縣羅東鎮","開業","宜蘭縣羅東鎮成功街129號","03-9558339"
"2Y38030054","宏信牙體技術所","南投縣草屯鎮","開業","南投縣草屯鎮太平路一段307號5樓之4","0939-361875"
"2Y03200100","東利牙體技術所","臺中市大里區","開業","臺中市大里區東明路320巷26號1樓","04-24073076"
"2Y03270095","千廣牙體技術所","臺中市西屯區","開業","臺中市西屯區文心路三段238號11樓","04-23150498"
"2Y31010152","鴻大牙體技術所","新北市板橋區","開業","新北市板橋區民權路202巷17弄4號1樓","02-2968-2302"
"2Y05310136","勤茂牙體技術所","臺南市永康區","開業","臺南市永康區復國里復國二路40巷2號1樓","06-3112167"
"2Y07010111","力維牙體技術所","高雄市鳳山區","開業","高雄市鳳山區海洋一路23號","7666810"
"2Y43010046","豪勇牙體技術所","屏東縣屏東市","開業","屏東縣屏東市大連路20巷3弄23號","08-0915650098"
"2Y32010227","固本牙體技術所","桃園市桃園區","開業","桃園市桃園區介壽路527號","03-3615624"
"2Y31010303","巨將牙體技術所","新北市板橋區","開業","新北市板橋區中山路2段412巷29弄23號5樓","(02) 29638687"
"2Y31050101","上亞牙體技術所","新北市新店區","開業","新北市新店區檳榔路47號1樓","02 25182562"
"2Y01160032","薇風牙體技術所","臺北市北投區","開業","臺北市北投區中央北路2段323號","29830007"
"2Y45010035","群耘牙體技術所","花蓮縣花蓮市","開業","花蓮縣花蓮市國強里豐村18-6號","038567409"
"2Y31020229","上益牙體技術所","新北市三重區","開業","新北市三重區中正北路408巷23號5樓","2981-6266"
"2Y31010278","宏大牙體技術所","新北市板橋區","開業","新北市板橋區中正路216巷142號2樓","02-2960-8800"
"2Y34010092","合田牙體技術所","宜蘭縣宜蘭市","開業","宜蘭縣宜蘭市大福路一段143號1樓","03-9303506"
"2Y22010019","天然牙體技術所","嘉義市東區","開業","嘉義市東區宣信街98巷51號","05-2232528"
"2Y03250066","宏達牙體技術所","臺中市南區","開業","臺中市南區復興路一段395之2號2樓","0932-959738"
"2Y37020036","茂昇牙體技術所","彰化縣鹿港鎮","開業","彰化縣鹿港鎮順興里四維路10號","0919-832859"
"2Y07010111","力維牙體技術所","高雄市鳳山區","開業","高雄市鳳山區海洋一路23號","7666810"
"2Y07350085","全能牙體技術所","高雄市苓雅區","開業","高雄市苓雅區仁義街2之4號4樓","07-3325698"
"2Y07320185","泳樂牙體技術所","高雄市三民區","開業","高雄市三民區民族一路628巷19號1-2樓","07-3421937"
"2Y03090015","俊翔牙體技術所","臺中市潭子區","開業","臺中市潭子區福仁里興華一路139號1樓","0937097929"
"2Y45010035","群耘牙體技術所","花蓮縣花蓮市","開業","花蓮縣花蓮市國強里豐村18-6號","038567409"
"2Y31060223","尚宇牙體技術所","新北市新莊區","開業","新北市新莊區天祥街88號","29072770"
"2Y31010152","鴻大牙體技術所","新北市板橋區","開業","新北市板橋區民權路202巷17弄4號1樓","02-2968-2302"
"2Y31140262","新達牙體技術所","新北市蘆洲區","開業","新北市蘆洲區永安南路二段94號1樓","02-22825882"
"2Y32070045","美創牙體技術所","桃園市龜山區","開業","桃園市龜山區龍華街20巷9號2樓","02-29021901"
"2Y32010316","育正牙體技術所","桃園市桃園區","開業","桃園市桃園區雙峰路164號6樓之3","03-3460660"
"2Y40120027","銘鴻牙體技術所","嘉義縣水上鄉","開業","嘉義縣水上鄉民生村仁愛街27巷11號","05-2361557"
"2Y01190049","威登數位牙體技術所","臺北市萬華區","開業","臺北市萬華區康定路60號4樓之3","02-23149716"
"2Y31110031","永信牙體技術所","新北市汐止區","開業","新北市汐止區橫科路52巷1號3樓","2660-7133"
"2Y07310072","春晨牙體技術所","高雄市楠梓區","開業","高雄市楠梓區久昌街580號1樓","07-3640950"
"2Y34060010","耀明牙體技術所","宜蘭縣壯圍鄉","開業","宜蘭縣壯圍鄉美城村大福路3段270巷45號","0932359527"
"2Y31150044","冠宏牙體技術所","新北市五股區","開業","新北市五股區西雲路38號1樓","02-22925551"
"2Y46010093","霖源牙體技術所","臺東縣台東市","開業","臺東縣台東市北平街23號","089-325022"
"2Y03110012","優雅牙體技術所","臺中市新社區","開業","臺中市新社區興安路50號1樓","04-25812757"
"2Y31010385","麗歆牙體技術所","新北市板橋區","開業","新北市板橋區龍興街103巷15號5樓","02-22725189"
"2Y31060223","尚宇牙體技術所","新北市新莊區","開業","新北市新莊區天祥街88號","29072770"
"2Y01160069","高仕牙體技術所","臺北市北投區","開業","臺北市北投區石牌路一段33巷6弄4號2樓","02-28203156"
"2Y07160027","宏恩牙體技術所","高雄市湖內區","開業","高雄市湖內區中山路一段405巷43號","07-6933505"
"2Y34010118","皪研牙體技術所","宜蘭縣宜蘭市","開業","宜蘭縣宜蘭市泰山路309號1樓","0930579226"
"2Y31010438","觀點牙體技術所","新北市板橋區","開業","新北市板橋區文化路二段124巷4號4樓","0981-883-415"
"2Y03250066","宏達牙體技術所","臺中市南區","開業","臺中市南區復興路一段395之2號2樓","0932-959738"
"2Y01100278","登特萊牙體技術所","臺北市中山區","開業","臺北市中山區松江路31號2樓之3",""
"2Y03270246","宏昇牙體技術所","臺中市西屯區","開業","臺中市西屯區市政北二路238號8樓之1","0980-125021"
"2Y22010028","勝昌牙體技術所","嘉義市東區","開業","嘉義市東區荖藤里忠孝北街33巷9弄3號","0910-568678"
"2Y31060287","諮園牙體技術所","新北市新莊區","開業","新北市新莊區新泰路277巷54號1樓","0927012721"
"2Y32100173","彩奕牙體技術所","桃園市平鎮區","開業","桃園市平鎮區平安路6巷1號1樓","03-2810072"
"2Y03010080","銘揚牙體技術所","臺中市豐原區","開業","臺中市豐原區社皮路123巷11弄10號1樓","04-25207656"
"2Y05370150","優植牙體技術所","臺南市安南區","開業","臺南市安南區海東里海中街18巷41號1樓","2462610、0912057771"
"2Y01010135","鈺宬數位牙體技術所","臺北市松山區","開業","臺北市松山區八德路三段8巷52號","25789915"
"2Y07020064","塏麗牙體技術所","高雄市岡山區","開業","高雄市岡山區華園路32巷16號1樓","07-6218529"
"2Y31080074","樂活牙體技術所","新北市鶯歌區","開業","新北市鶯歌區永智街31號1樓","86606000"
"2Y32100182","竑益牙體技術所","桃園市平鎮區","開業","桃園市平鎮區振中街90巷34號1樓","03-4580896"
"2Y40040033","夆昇牙體技術所","嘉義縣民雄鄉","開業","嘉義縣民雄鄉西安村安和路96之1號","05-3748948"
"2Y07080051","致志牙體技術所","高雄市仁武區","開業","高雄市仁武區永榮一街160號4樓","07-3731041"
"2Y31020229","上益牙體技術所","新北市三重區","開業","新北市三重區中正北路408巷23號5樓","2981-6266"
"2Y03010080","銘揚牙體技術所","臺中市豐原區","開業","臺中市豐原區社皮路123巷11弄10號1樓","04-25207656"
"2Y22020015","辰灃牙體技術所","嘉義市西區","開業","嘉義市西區民生南路608巷163號1樓","05-2341158"
"2Y34060010","耀明牙體技術所","宜蘭縣壯圍鄉","開業","宜蘭縣壯圍鄉美城村大福路3段270巷45號","0932359527"
"2Y31020130","立唯牙體技術所","新北市三重區","開業","新北市三重區仁義街143巷106號1樓","02-8982-0318"
"2Y34010118","皪研牙體技術所","宜蘭縣宜蘭市","開業","宜蘭縣宜蘭市泰山路309號1樓","0930579226"
"2Y05310136","勤茂牙體技術所","臺南市永康區","開業","臺南市永康區復國里復國二路40巷2號1樓","06-3112167"
"2Y34090036","麗緻牙體技術所","宜蘭縣五結鄉","開業","宜蘭縣五結鄉鎮安路1巷9號1樓","0911667951"
"2Y03230019","國揚牙體技術所","臺中市東區","開業","臺中市東區二聖街59號1樓","04-22130451"
"2Y32100066","嘉榮牙體技術所","桃園市平鎮區","開業","桃園市平鎮區育達路85巷8弄39號1樓","03-4026820"
"2Y35040049","宇辰牙體技術所","苗栗縣竹南鎮","開業","苗栗縣竹南鎮中正路341號1樓","0916298348"
"2Y03230135","微藝牙體技術所","臺中市東區","開業","臺中市東區仁和路469巷3號1樓","04-22808113"
"2Y31140324","鑫昇牙體技術所","新北市蘆洲區","開業","新北市蘆洲區正和街96巷54號4樓","0937958245"
"2Y39010056","弘凱牙體技術所","雲林縣斗六市","開業","雲林縣斗六市崙峯里仁義路13巷7弄4號1樓","0952-116909"
"2Y03150052","亞拓牙體技術所","臺中市烏日區","開業","臺中市烏日區榮和路27號5樓之1","0928-666551"
"2Y31030243","匠燒齒妍牙體技術所","新北市永和區","開業","新北市永和區中正路33號3樓","0979633828"
"2Y31050012","國鼎牙體技術所","新北市新店區","開業","新北市新店區民權路18號5樓","(02)2915-3869"
"2Y07320014","立新牙體技術所","高雄市三民區","開業","高雄市三民區民族一路76號6樓","07-3929559"
"2Y31060018","三茂牙體技術所","新北市新莊區","開業","新北市新莊區昌盛街28號5樓","29979821"
"2Y03200020","旭冠牙體技術所","臺中市大里區","開業","臺中市大里區永興路57號","04-24834863"
"2Y01110014","健新牙體技術所","臺北市內湖區","開業","臺北市內湖區陽光街345巷8號4樓","26577373"
"2Y32010021","康瓷美牙體技術所","桃園市桃園區","開業","桃園市桃園區南平路468號3樓","03-3563139"
"2Y07290011","維德牙體技術所","高雄市鼓山區","開業","高雄市鼓山區裕誠路1093號5樓","5866161"
"2Y07010013","福源牙體技術所","高雄市鳳山區","開業","高雄市鳳山區南正一路48巷21號2樓","07-7163131"
"2Y34050014","永固牙體技術所","宜蘭縣礁溪鄉","開業","宜蘭縣礁溪鄉龍泉路250號","03-9285061"
"2Y07320050","吉利牙體技術所","高雄市三民區","開業","高雄市三民區淵明街31號1樓","07-3965178"
"2Y07020019","三友牙體技術所","高雄市岡山區","開業","高雄市岡山區博仁街41號2樓",""
"2Y37020018","宏勝牙體技術所","彰化縣鹿港鎮","開業","彰化縣鹿港鎮頂厝里明禮街27巷2號","04-7778989"
"2Y03100016","弘順牙體技術所","臺中市大雅區","開業","臺中市大雅區中清東路90號1樓","04-25667242"
"2Y07060013","泓興牙體技術所","高雄市大寮區","開業","高雄市大寮區林厝路50-43號1樓","7810308"
"2Y05350050","建和牙體技術所","臺南市北區","開業","臺南市北區文元里中華北路二段53巷40弄5號2樓","06-2806188"
"2Y32010067","名流牙體技術所","桃園市桃園區","開業","桃園市桃園區介壽路310號7樓之2","03-3645738"
"2Y07320050","吉利牙體技術所","高雄市三民區","開業","高雄市三民區淵明街31號1樓","07-3965178"
"2Y01010055","佳佳牙體技術所","臺北市松山區","開業","臺北市松山區八德路三段12巷55之12號2樓","02-25781589"
"2Y32010361","昶勝牙體技術所","桃園市桃園區","開業","桃園市桃園區大明街55號1樓","03-3758087"
"2Y07060013","泓興牙體技術所","高雄市大寮區","開業","高雄市大寮區林厝路50-43號1樓","7810308"
"2Y01110014","健新牙體技術所","臺北市內湖區","開業","臺北市內湖區陽光街345巷8號4樓","26577373"
"2Y07290011","維德牙體技術所","高雄市鼓山區","開業","高雄市鼓山區裕誠路1093號5樓","5866161"
"2Y07300076","巴塞爾牙體技術所","高雄市左營區","開業","高雄市左營區高鐵路56號1-2樓","07-3433185"
"2Y31010296","琢御牙體技術所","新北市板橋區","開業","新北市板橋區僑中二街108巷6之4號(5樓)","02-22727416"
"2Y01150063","順吉牙體技術所","臺北市士林區","開業","臺北市士林區倫等街54巷43號","0921640373"
"2Y05370016","得光牙體技術所","臺南市安南區","開業","臺南市安南區同安路83巷26號1樓","06-2568457"
"2Y32100217","旭德牙體技術所","桃園市平鎮區","開業","桃園市平鎮區金龍路190巷97號1樓","03-4589117"
"2Y45050093","典辰牙體技術所","花蓮縣吉安鄉","開業","花蓮縣吉安鄉中山路一段88號1樓","0972-201105"
"2Y31060321","杰威爾牙體技術所","新北市新莊區","開業","新北市新莊區中正路663號4樓","85219891"
"2Y37130037","高昇牙體技術所","彰化縣花壇鄉","開業","彰化縣花壇鄉溪南街280巷12弄25號1樓","04-7880757"
"2Y32080050","弘安牙體技術所","桃園市八德區","開業","桃園市八德區介壽路2段252巷15弄64號1樓","03-3774339"
"2Y03090097","鼎益牙體技術所","臺中市潭子區","開業","臺中市潭子區嘉豐路333-7號1樓","0936-524198"
"2Y31020069","隆泰齒研牙體技術所","新北市三重區","開業","新北市三重區民生街61巷18弄7號1樓","0932-330480"
"2Y07010013","福源牙體技術所","高雄市鳳山區","開業","高雄市鳳山區南正一路48巷21號2樓","07-7163131"
"2Y07010102","太全牙體技術所","高雄市鳳山區","開業","高雄市鳳山區漢慶街155號","07-7133876"
"2Y32080050","弘安牙體技術所","桃園市八德區","開業","桃園市八德區介壽路2段252巷15弄64號1樓","03-3774339"
"2Y31130042","全冠牙體技術所","新北市土城區","開業","新北市土城區明德路一段297號5樓","22642052"
"2Y31080038","昱興牙體技術所","新北市鶯歌區","開業","新北市鶯歌區光明街102巷20號1樓","26787669"
"2Y03250020","巨光牙體技術所","臺中市南區","開業","臺中市南區崇倫街51號1樓","04-23786860"
"2Y03290202","健原牙體技術所","臺中市北屯區","開業","臺中市北屯區一新一街5弄5號1樓","0422242290"
"2Y05310118","真善德牙體技術所","臺南市永康區","開業","臺南市永康區永康里西勢路703號1樓","06-3013877"
"2Y34070016","順益牙體技術所","宜蘭縣員山鄉","開業","宜蘭縣員山鄉員山路一段234號2樓","03-9223809"
"2Y05330049","祥牙體技術所","臺南市南區","開業","臺南市南區大恩里國民路219號1樓","06-2142114"
"2Y05350050","建和牙體技術所","臺南市北區","開業","臺南市北區文元里中華北路二段53巷40弄5號2樓","06-2806188"
"2Y03290140","德霖牙體技術所","臺中市北屯區","開業","臺中市北屯區環中東路二段102號1樓","04-24391538"
"2Y45050100","品信牙體技術所","花蓮縣吉安鄉","開業","花蓮縣吉安鄉南昌北路35號2樓","0913801013"
"2Y32070036","寶佳牙體技術所","桃園市龜山區","開業","桃園市龜山區萬壽路一段230號3樓","02-82007002"
"2Y03200020","旭冠牙體技術所","臺中市大里區","開業","臺中市大里區永興路57號","04-24834863"
"2Y32010334","浩新牙體技術所","桃園市桃園區","開業","桃園市桃園區泰山街47巷24號1樓","3613549"
"2Y05310118","真善德牙體技術所","臺南市永康區","開業","臺南市永康區永康里西勢路703號1樓","06-3013877"
"2Y31130140","家家牙體技術所","新北市土城區","開業","新北市土城區仁愛路8號5樓","02-22740530"
"2Y31010312","澔橋牙體技術所","新北市板橋區","開業","新北市板橋區懷德街181巷2號1樓","02-2255-9997"
"2Y01110032","合順牙體技術所","臺北市內湖區","開業","臺北市內湖區成功路二段426巷7弄5號5樓","27943235"
"2Y07320103","順發牙體技術所","高雄市三民區","開業","高雄市三民區克武路95號1樓","07-3868226"
"2Y07290020","友立牙體技術所","高雄市鼓山區","開業","高雄市鼓山區文信路222號3樓","5547755"
"2Y32070054","高登牙體技術所","桃園市龜山區","開業","桃園市龜山區文化二路28-1號7樓","3186636"
"2Y37050052","合泰牙體技術所","彰化縣員林市","開業","彰化縣員林市三民東街391號1樓","04-8314178"
"2Y31020514","金匠牙體技術所","新北市三重區","開業","新北市三重區大智街179巷34號3樓","02-89855257"
"2Y03200075","育晟牙體技術所","臺中市大里區","開業","臺中市大里區樹王路311巷2-1號1樓","04-24067930"
"2Y05380030","中美牙體技術所","臺南市安平區","開業","臺南市安平區建平里怡平路135號1、2樓","06-2978997"
"2Y07200017","義鑫牙體技術所","高雄市梓官區","開業","高雄市梓官區赤崁東路235巷1號1樓","0912776440"
"2Y34080012","宏祥牙體技術所","宜蘭縣冬山鄉","開業","宜蘭縣冬山鄉廣興路355巷11號1樓","03-9230706"
"2Y32020125","謝禎龍牙體技術所","桃園市中壢區","開業","桃園市中壢區華勛街163巷39號5樓",""
"2Y07320014","立新牙體技術所","高雄市三民區","開業","高雄市三民區民族一路76號6樓","07-3929559"
"2Y07320354","格藝牙體技術所","高雄市三民區","開業","高雄市三民區正忠路230號4樓","07-3830226"
"2Y22020079","速立艷牙體技術所","嘉義市西區","開業","嘉義市西區新民路416巷23弄35號新民路416巷23弄35號","2772222"
"2Y32100084","永昇牙體技術所","桃園市平鎮區","開業","桃園市平鎮區大仁街35號1樓","03-4575020"
"2Y03150043","上昱牙體技術所","臺中市烏日區","開業","臺中市烏日區新興路319巷16號1樓","04-23373475"
"2Y03250020","巨光牙體技術所","臺中市南區","開業","臺中市南區崇倫街51號1樓","04-23786860"
"2Y31050012","國鼎牙體技術所","新北市新店區","開業","新北市新店區民權路18號5樓","(02)2915-3869"
"2Y03290202","健原牙體技術所","臺中市北屯區","開業","臺中市北屯區一新一街5弄5號1樓","0422242290"
"2Y01020177","凱欣牙體技術所","臺北市大安區","開業","臺北市大安區安東街50之8號1樓","02-27407411"
"2Y03090177","山峰牙體技術所","臺中市潭子區","開業","臺中市潭子區大成街120巷16號1樓","0907-483151"
"2Y03190056","富邦牙體技術所","臺中市太平區","開業","臺中市太平區長安11街51巷37號1樓","0923-332020"
"2Y03190065","聯成牙體技術所","臺中市太平區","開業","臺中市太平區大源十八街15號1樓","0916-734638"
"2Y07020055","信中牙體技術所","高雄市岡山區","開業","高雄市岡山區嘉興里興北巷605號1樓","07-6210305"
"2Y32030041","全佑牙體技術所","桃園市大溪區","開業","桃園市大溪區信義路454號1樓","033887357"
"2Y01020088","上恩牙體技術所","臺北市大安區","開業","臺北市大安區和平東路2段223號2樓","23250377"
"2Y07310090","弘昌牙體技術所","高雄市楠梓區","開業","高雄市楠梓區後昌新路59號1樓","0916899409"
"2Y07020019","三友牙體技術所","高雄市岡山區","開業","高雄市岡山區博仁街41號2樓",""
"2Y05370052","永鉌牙體技術所","臺南市安南區","開業","臺南市安南區長溪路一段342巷48號1樓","06-2559528"
"2Y46010020","協立牙體技術所","臺東縣台東市","開業","臺東縣台東市正氣路387之1號2樓","089-331435"
"2Y05270020","弘新牙體技術所","臺南市仁德區","開業","臺南市仁德區仁義里中清五街86號1、2樓","06-2494632"
"2Y32080176","麥田牙體技術所","桃園市八德區","開業","桃園市八德區大智路43號1樓","03-3660362"
"2Y31020103","精品牙體技術所","新北市三重區","開業","新北市三重區聯華街109號1樓","02-22805607"
"2Y03220022","明正牙體技術所","臺中市中區","開業","臺中市中區臺灣大道一段268號7樓之3","04-22233999"
"2Y31020050","良美牙體技術所","新北市三重區","開業","新北市三重區五華街13巷15號1樓","0921456123"
"2Y31050209","合皓牙體技術所","新北市新店區","開業","新北市新店區寶元路二段28號1樓","0911109901"
"2Y37050061","錦辰牙體技術所","彰化縣員林市","開業","彰化縣員林市莒光路408巷7弄1號","0912-660787"
"2Y39030030","佳齒牙體技術所","雲林縣虎尾鎮","開業","雲林縣虎尾鎮穎川里頂南路68號1樓","05-6320665"
"2Y07010102","太全牙體技術所","高雄市鳳山區","開業","高雄市鳳山區漢慶街155號","07-7133876"
"2Y45050011","和田牙體技術所","花蓮縣吉安鄉","開業","花蓮縣吉安鄉東里村東里二街53號","038542327"
"2Y01010046","瀨上牙體技術所","臺北市松山區","開業","臺北市松山區八德路二段346巷3弄17號5樓","27527987"
"2Y37230023","精美牙體技術所","彰化縣芳苑鄉","開業","彰化縣芳苑鄉芳漢路漢二段231巷2號","0937255863"
"2Y31140155","士林牙體技術所","新北市蘆洲區","開業","新北市蘆洲區信義路156巷2弄5號5樓","(02)22812600"
"2Y34070016","順益牙體技術所","宜蘭縣員山鄉","開業","宜蘭縣員山鄉員山路一段234號2樓","03-9223809"
"2Y03250100","鑫誠數位牙體技術所","臺中市南區","開業","臺中市南區復興路一段270號10樓A室","04-22615197"
"2Y05330058","昱安牙體技術所","臺南市南區","開業","臺南市南區府南里永成路三段357巷29號2樓","0928159009"
"2Y03190038","統一牙體技術所","臺中市太平區","開業","臺中市太平區長安八街49號1樓","04-23934857"
"2Y03020022","精展牙體技術所","臺中市東勢區","開業","臺中市東勢區新盛里新盛街546巷6號1樓","04-25888519"
"2Y01090080","優造牙體技術所","臺北市大同區","開業","臺北市大同區敦煌路24巷2弄15號2樓","02-25994055"
"2Y03290060","瑩橋牙體技術所","臺中市北屯區","開業","臺中市北屯區水景街85號1樓","04-24364643"
"2Y31110077","飾爵牙體技術所","新北市汐止區","開業","新北市汐止區中興路168號10樓","0937079951"
"2Y01100072","瑞成牙體技術所","臺北市中山區","開業","臺北市中山區復興北路514巷49號2樓","25045851"
"2Y33050038","燁興牙體技術所","新竹縣竹北市","開業","新竹縣竹北市自強五路83號1、2樓","03-6580798"
"2Y05270011","顏氏牙體技術所","臺南市仁德區","開業","臺南市仁德區仁德里文華路三段428巷130弄7號1樓","06-2496789"
"2Y03290346","立昕牙體技術所","臺中市北屯區","開業","臺中市北屯區軍和街378巷13號2樓","04-24392538"
"2Y03260124","立穩牙體技術所","臺中市北區","開業","臺中市北區東光路258號1樓","04-22373878"
"2Y32030069","信植牙體技術所","桃園市大溪區","開業","桃園市大溪區東二路76號1樓","0917684338"
"2Y34100028","三立牙體技術所","宜蘭縣三星鄉","開業","宜蘭縣三星鄉大隱村農義路二段107巷25號","03-9899805"
"2Y45010017","聯盛牙體技術所","花蓮縣花蓮市","開業","花蓮縣花蓮市節約街21巷1號","03-8342222"
"2Y03290319","萬事牙體技術所","臺中市北屯區","開業","臺中市北屯區軍福十八路33號1樓","0953-595197"
"2Y32010021","康瓷美牙體技術所","桃園市桃園區","開業","桃園市桃園區南平路468號3樓","03-3563139"
"2Y07320238","明輝牙體技術所","高雄市三民區","開業","高雄市三民區九如一路61號12樓之2","3850555"
"2Y01100312","舒服美牙體技術所","臺北市中山區","開業","臺北市中山區民權西路19號8樓","02-25505042"
"2Y07350101","褔家牙體技術所","高雄市苓雅區","開業","高雄市苓雅區海邊路65號7樓之2","07-2813268"
"2Y37010076","銓陞牙體技術所","彰化縣彰化市","開業","彰化縣彰化市彰南路一段325巷38號1樓","04-7331423"
